time,open,high,low,close,position,strategy,status_trade,pts_final,cstrategy,equity
2025-06-25 09:00:00,5517.5,5529.5,5515.0,5525.5,0,0.0,0,0.0,0.0,30000.0
2025-06-25 09:05:00,5526.0,5539.0,5525.0,5537.5,0,0.0,0,0.0,0.0,30000.0
2025-06-25 09:10:00,5537.5,5544.5,5536.5,5538.5,0,0.0,0,0.0,0.0,30000.0
2025-06-25 09:15:00,5539.0,5542.5,5535.5,5537.0,0,0.0,0,0.0,0.0,30000.0
2025-06-25 09:20:00,5537.0,5541.0,5536.0,5540.0,0,0.0,0,0.0,0.0,30000.0
2025-06-25 09:25:00,5539.5,5550.5,5539.5,5549.0,0,0.0,0,0.0,0.0,30000.0
2025-06-25 09:30:00,5549.5,5553.5,5545.5,5547.0,0,0.0,0,0.0,0.0,30000.0
2025-06-25 09:35:00,5547.0,5552.5,5546.0,5550.0,0,0.0,0,0.0,0.0,30000.0
2025-06-25 09:40:00,5550.0,5553.5,5547.5,5549.5,0,0.0,0,0.0,0.0,30000.0
2025-06-25 09:45:00,5550.0,5551.0,5544.0,5545.0,0,0.0,0,0.0,0.0,30000.0
2025-06-25 09:50:00,5545.0,5547.5,5542.0,5544.5,0,0.0,0,0.0,0.0,30000.0
2025-06-25 09:55:00,5544.5,5545.0,5532.5,5533.0,0,0.0,0,0.0,0.0,30000.0
2025-06-25 10:00:00,5533.5,5536.0,5530.0,5530.5,-1,-162.4,-1,-16.0,-162.4,29837.6
2025-06-25 10:05:00,5530.5,5541.0,5530.0,5533.5,0,0.0,0,0.0,-162.4,29837.6
2025-06-25 10:10:00,5533.5,5539.0,5532.5,5535.5,0,0.0,0,0.0,-162.4,29837.6
2025-06-25 10:15:00,5536.0,5548.5,5535.5,5543.5,1,197.6,1,20.0,35.19999999999999,30035.2
2025-06-25 10:20:00,5543.5,5548.5,5541.5,5545.0,0,0.0,0,0.0,35.19999999999999,30035.2
2025-06-25 10:25:00,5544.5,5548.5,5542.5,5545.5,0,0.0,0,0.0,35.19999999999999,30035.2
2025-06-25 10:30:00,5545.5,5551.0,5542.5,5546.0,0,0.0,0,0.0,35.19999999999999,30035.2
2025-06-25 10:35:00,5546.0,5548.5,5544.0,5544.5,0,0.0,0,0.0,35.19999999999999,30035.2
2025-06-25 10:40:00,5544.5,5548.5,5543.5,5545.0,0,0.0,0,0.0,35.19999999999999,30035.2
2025-06-25 10:45:00,5545.0,5546.5,5537.0,5541.0,0,0.0,0,0.0,35.19999999999999,30035.2
2025-06-25 10:50:00,5540.5,5545.5,5539.5,5543.5,0,0.0,0,0.0,35.19999999999999,30035.2
2025-06-25 10:55:00,5543.0,5547.5,5541.0,5544.5,0,0.0,0,0.0,35.19999999999999,30035.2
2025-06-25 11:00:00,5545.0,5551.0,5542.5,5549.0,1,197.6,1,20.0,232.79999999999998,30232.8
2025-06-25 11:05:00,5548.5,5550.5,5546.5,5549.0,0,0.0,0,0.0,232.79999999999998,30232.8
2025-06-25 11:10:00,5549.0,5551.5,5545.0,5550.0,0,0.0,0,0.0,232.79999999999998,30232.8
2025-06-25 11:15:00,5550.0,5552.0,5546.5,5547.0,0,0.0,0,0.0,232.79999999999998,30232.8
2025-06-25 11:20:00,5547.0,5551.5,5547.0,5549.5,0,0.0,0,0.0,232.79999999999998,30232.8
2025-06-25 11:25:00,5549.5,5558.0,5549.0,5553.5,1,197.6,1,20.0,430.4,30430.4
2025-06-25 11:30:00,5553.5,5554.0,5547.5,5549.0,0,0.0,0,0.0,430.4,30430.4
2025-06-25 11:35:00,5549.5,5552.0,5547.5,5551.0,0,0.0,0,0.0,430.4,30430.4
2025-06-25 11:40:00,5551.5,5551.5,5546.0,5548.5,0,0.0,0,0.0,430.4,30430.4
2025-06-25 11:45:00,5548.5,5550.5,5544.0,5545.5,0,0.0,0,0.0,430.4,30430.4
2025-06-25 11:50:00,5545.5,5549.0,5545.0,5547.5,0,0.0,0,0.0,430.4,30430.4
2025-06-25 11:55:00,5548.0,5552.5,5547.0,5549.0,0,0.0,0,0.0,430.4,30430.4
2025-06-25 12:00:00,5549.0,5560.0,5548.0,5559.5,0,0.0,0,0.0,430.4,30430.4
2025-06-25 12:05:00,5559.0,5561.5,5556.5,5559.5,0,0.0,0,0.0,430.4,30430.4
2025-06-25 12:10:00,5559.5,5564.0,5558.0,5563.0,0,0.0,0,0.0,430.4,30430.4
2025-06-25 12:15:00,5563.5,5566.0,5562.5,5564.5,0,0.0,0,0.0,430.4,30430.4
2025-06-25 12:20:00,5564.5,5571.5,5564.0,5569.5,0,0.0,0,0.0,430.4,30430.4
2025-06-25 12:25:00,5570.0,5579.0,5569.0,5569.5,0,0.0,0,0.0,430.4,30430.4
2025-06-25 12:30:00,5570.0,5570.5,5562.0,5564.0,0,0.0,0,0.0,430.4,30430.4
2025-06-25 12:35:00,5564.0,5564.5,5559.0,5560.0,0,0.0,0,0.0,430.4,30430.4
2025-06-25 12:40:00,5560.0,5563.5,5558.5,5562.0,0,0.0,0,0.0,430.4,30430.4
2025-06-25 12:45:00,5561.5,5562.0,5559.0,5561.5,0,0.0,0,0.0,430.4,30430.4
2025-06-25 12:50:00,5561.0,5564.0,5560.0,5562.0,0,0.0,0,0.0,430.4,30430.4
2025-06-25 12:55:00,5562.0,5565.0,5560.0,5564.0,0,0.0,0,0.0,430.4,30430.4
2025-06-25 13:00:00,5563.5,5564.0,5553.5,5555.5,0,0.0,0,0.0,430.4,30430.4
2025-06-25 13:05:00,5555.0,5557.0,5552.5,5554.0,0,0.0,0,0.0,430.4,30430.4
2025-06-25 13:10:00,5554.0,5556.0,5549.5,5550.0,0,0.0,0,0.0,430.4,30430.4
2025-06-25 13:15:00,5549.5,5552.5,5548.0,5552.0,0,0.0,0,0.0,430.4,30430.4
2025-06-25 13:20:00,5551.5,5552.5,5549.5,5550.5,0,0.0,0,0.0,430.4,30430.4
2025-06-25 13:25:00,5551.0,5551.0,5543.0,5545.5,0,0.0,0,0.0,430.4,30430.4
2025-06-25 13:30:00,5545.0,5546.0,5542.0,5544.0,0,0.0,0,0.0,430.4,30430.4
2025-06-25 13:35:00,5544.0,5546.0,5537.5,5538.0,0,0.0,0,0.0,430.4,30430.4
2025-06-25 13:40:00,5537.5,5542.0,5536.0,5538.5,0,0.0,0,0.0,430.4,30430.4
2025-06-25 13:45:00,5538.5,5540.0,5537.0,5538.5,0,0.0,0,0.0,430.4,30430.4
2025-06-25 13:50:00,5538.0,5541.0,5537.5,5540.0,0,0.0,0,0.0,430.4,30430.4
2025-06-25 13:55:00,5540.0,5541.5,5538.5,5541.0,0,0.0,0,0.0,430.4,30430.4
2025-06-25 14:00:00,5541.0,5548.0,5540.0,5545.5,0,0.0,0,0.0,430.4,30430.4
2025-06-25 14:05:00,5545.5,5548.0,5544.5,5546.5,0,0.0,0,0.0,430.4,30430.4
2025-06-25 14:10:00,5547.0,5551.0,5546.5,5549.0,0,0.0,0,0.0,430.4,30430.4
2025-06-25 14:15:00,5548.5,5549.5,5546.5,5547.0,0,0.0,0,0.0,430.4,30430.4
2025-06-25 14:20:00,5547.5,5549.0,5543.5,5545.0,0,0.0,0,0.0,430.4,30430.4
2025-06-25 14:25:00,5545.0,5550.0,5544.0,5549.5,0,0.0,0,0.0,430.4,30430.4
2025-06-25 14:30:00,5549.5,5550.5,5544.5,5545.0,0,0.0,0,0.0,430.4,30430.4
2025-06-25 14:35:00,5545.0,5545.5,5543.0,5545.0,0,0.0,0,0.0,430.4,30430.4
2025-06-25 14:40:00,5545.5,5548.0,5544.5,5546.5,0,0.0,0,0.0,430.4,30430.4
2025-06-25 14:45:00,5547.0,5547.0,5544.5,5545.5,0,0.0,0,0.0,430.4,30430.4
2025-06-25 14:50:00,5545.5,5550.0,5545.5,5546.5,0,0.0,0,0.0,430.4,30430.4
2025-06-25 14:55:00,5546.5,5549.5,5546.5,5549.5,0,0.0,0,0.0,430.4,30430.4
2025-06-25 15:00:00,5549.0,5552.5,5548.5,5550.0,0,0.0,0,0.0,430.4,30430.4
2025-06-25 15:05:00,5549.5,5554.5,5549.0,5553.0,0,0.0,0,0.0,430.4,30430.4
2025-06-25 15:10:00,5553.0,5555.5,5552.5,5554.5,1,72.6,0,7.5,503.0,30503.0
2025-06-25 15:15:00,5554.0,5556.5,5554.0,5555.5,0,0.0,0,0.0,503.0,30503.0
2025-06-25 15:20:00,5555.5,5557.0,5550.5,5552.0,0,0.0,0,0.0,503.0,30503.0
2025-06-25 15:25:00,5551.5,5552.5,5550.0,5551.5,0,0.0,0,0.0,503.0,30503.0
2025-06-25 15:30:00,5551.5,5553.0,5549.0,5552.0,0,0.0,0,0.0,503.0,30503.0
2025-06-25 15:35:00,5552.0,5552.0,5547.5,5550.5,0,0.0,0,0.0,503.0,30503.0
2025-06-25 15:40:00,5550.5,5550.5,5548.0,5548.5,0,0.0,0,0.0,503.0,30503.0
2025-06-25 15:45:00,5549.0,5557.0,5548.0,5556.0,0,0.0,0,0.0,503.0,30503.0
2025-06-25 15:50:00,5556.0,5557.0,5552.5,5552.5,0,0.0,0,0.0,503.0,30503.0
2025-06-25 15:55:00,5553.0,5557.0,5552.5,5556.5,0,0.0,0,0.0,503.0,30503.0
2025-06-25 16:00:00,5556.5,5558.0,5555.0,5557.5,0,0.0,0,0.0,503.0,30503.0
2025-06-25 16:05:00,5557.5,5560.5,5557.5,5560.0,0,0.0,0,0.0,503.0,30503.0
2025-06-25 16:10:00,5559.5,5563.5,5559.5,5562.5,0,0.0,0,0.0,503.0,30503.0
2025-06-25 16:15:00,5562.5,5563.5,5560.0,5562.0,0,0.0,0,0.0,503.0,30503.0
2025-06-25 16:20:00,5562.0,5564.5,5560.5,5561.0,0,0.0,0,0.0,503.0,30503.0
2025-06-25 16:25:00,5561.0,5562.5,5560.5,5562.0,0,0.0,0,0.0,503.0,30503.0
2025-06-25 16:30:00,5562.0,5562.5,5559.0,5559.5,0,0.0,0,0.0,503.0,30503.0
2025-06-25 16:35:00,5559.5,5560.5,5558.0,5559.5,0,0.0,0,0.0,503.0,30503.0
2025-06-25 16:40:00,5559.5,5559.5,5556.5,5558.5,0,0.0,0,0.0,503.0,30503.0
2025-06-25 16:45:00,5558.5,5558.5,5556.5,5558.5,0,0.0,0,0.0,503.0,30503.0
2025-06-25 16:50:00,5558.5,5563.0,5558.0,5562.0,0,0.0,0,0.0,503.0,30503.0
2025-06-25 16:55:00,5562.0,5563.0,5560.5,5562.0,0,0.0,0,0.0,503.0,30503.0
2025-06-25 17:00:00,5561.5,5562.5,5558.0,5562.0,0,0.0,0,0.0,503.0,30503.0
2025-06-25 17:05:00,5561.5,5563.5,5560.5,5563.0,0,0.0,0,0.0,503.0,30503.0
2025-06-25 17:10:00,5563.0,5563.5,5561.0,5561.5,0,0.0,0,0.0,503.0,30503.0
2025-06-25 17:15:00,5561.0,5563.0,5560.5,5561.0,0,0.0,0,0.0,503.0,30503.0
2025-06-25 17:20:00,5561.0,5567.0,5561.0,5566.0,0,0.0,0,0.0,503.0,30503.0
2025-06-25 17:25:00,5566.0,5568.0,5565.0,5567.0,0,0.0,0,0.0,503.0,30503.0
2025-06-25 17:30:00,5567.0,5567.5,5562.5,5564.0,0,0.0,0,0.0,503.0,30503.0
2025-06-25 17:35:00,5563.5,5566.5,5563.5,5566.5,0,0.0,0,0.0,503.0,30503.0
2025-06-25 17:40:00,5566.0,5570.0,5565.5,5567.5,0,0.0,0,0.0,503.0,30503.0
2025-06-25 17:45:00,5568.0,5570.0,5566.5,5569.0,0,0.0,0,0.0,503.0,30503.0
2025-06-25 17:50:00,5569.0,5569.0,5564.5,5568.0,0,0.0,0,0.0,503.0,30503.0
2025-06-25 17:55:00,5568.0,5569.5,5566.0,5568.5,0,0.0,0,0.0,503.0,30503.0
2025-06-25 18:00:00,5568.5,5569.0,5566.0,5566.5,0,0.0,0,0.0,503.0,30503.0
2025-06-25 18:05:00,5566.5,5566.5,5564.5,5565.5,0,0.0,0,0.0,503.0,30503.0
2025-06-25 18:10:00,5566.0,5567.5,5565.0,5567.0,0,0.0,0,0.0,503.0,30503.0
2025-06-25 18:15:00,5567.0,5568.0,5565.0,5565.5,0,0.0,0,0.0,503.0,30503.0
2025-06-25 18:20:00,5565.5,5566.5,5562.0,5562.5,0,0.0,0,0.0,503.0,30503.0
2025-06-25 18:25:00,5562.5,5565.0,5562.0,5562.0,0,0.0,0,0.0,503.0,30503.0
2025-06-26 09:00:00,5552.0,5563.5,5550.0,5562.0,0,0.0,0,0.0,503.0,30503.0
2025-06-26 09:05:00,5562.5,5567.0,5559.0,5559.0,0,0.0,0,0.0,503.0,30503.0
2025-06-26 09:10:00,5559.5,5563.0,5553.5,5558.0,0,0.0,0,0.0,503.0,30503.0
2025-06-26 09:15:00,5558.0,5559.0,5547.5,5553.0,0,0.0,0,0.0,503.0,30503.0
2025-06-26 09:20:00,5553.0,5558.5,5549.0,5550.5,0,0.0,0,0.0,503.0,30503.0
2025-06-26 09:25:00,5550.5,5551.5,5541.5,5545.0,0,0.0,0,0.0,503.0,30503.0
2025-06-26 09:30:00,5545.0,5550.0,5541.5,5546.5,0,0.0,0,0.0,503.0,30503.0
2025-06-26 09:35:00,5547.0,5549.0,5542.0,5544.5,0,0.0,0,0.0,503.0,30503.0
2025-06-26 09:40:00,5545.0,5551.0,5542.5,5544.5,0,0.0,0,0.0,503.0,30503.0
2025-06-26 09:45:00,5544.5,5548.0,5541.5,5542.5,0,0.0,0,0.0,503.0,30503.0
2025-06-26 09:50:00,5543.0,5548.0,5540.5,5548.0,0,0.0,0,0.0,503.0,30503.0
2025-06-26 09:55:00,5548.0,5549.0,5540.0,5541.0,0,0.0,0,0.0,503.0,30503.0
2025-06-26 10:00:00,5541.0,5542.5,5536.0,5540.5,0,0.0,0,0.0,503.0,30503.0
2025-06-26 10:05:00,5540.5,5543.5,5533.0,5537.0,-1,197.6,1,20.0,700.6,30700.6
2025-06-26 10:10:00,5537.5,5538.0,5524.0,5525.0,0,0.0,0,0.0,700.6,30700.6
2025-06-26 10:15:00,5525.5,5529.5,5524.0,5526.0,0,0.0,0,0.0,700.6,30700.6
2025-06-26 10:20:00,5525.5,5528.0,5522.0,5526.0,0,0.0,0,0.0,700.6,30700.6
2025-06-26 10:25:00,5526.0,5527.0,5522.5,5526.5,0,0.0,0,0.0,700.6,30700.6
2025-06-26 10:30:00,5527.0,5528.5,5522.5,5527.5,0,0.0,0,0.0,700.6,30700.6
2025-06-26 10:35:00,5527.5,5530.5,5525.5,5528.5,0,0.0,0,0.0,700.6,30700.6
2025-06-26 10:40:00,5528.5,5529.0,5518.5,5520.0,-1,197.6,1,20.0,898.2,30898.2
2025-06-26 10:45:00,5519.5,5524.0,5519.5,5523.0,0,0.0,0,0.0,898.2,30898.2
2025-06-26 10:50:00,5522.5,5523.5,5514.0,5517.0,-1,197.6,1,20.0,1095.8,31095.8
2025-06-26 10:55:00,5517.0,5519.0,5514.0,5519.0,0,0.0,0,0.0,1095.8,31095.8
2025-06-26 11:00:00,5519.0,5522.0,5518.0,5521.0,0,0.0,0,0.0,1095.8,31095.8
2025-06-26 11:05:00,5521.0,5523.0,5517.0,5519.0,0,0.0,0,0.0,1095.8,31095.8
2025-06-26 11:10:00,5519.0,5520.5,5516.0,5517.0,0,0.0,0,0.0,1095.8,31095.8
2025-06-26 11:15:00,5517.5,5522.5,5516.0,5519.5,0,0.0,0,0.0,1095.8,31095.8
2025-06-26 11:20:00,5519.5,5524.0,5519.0,5522.5,0,0.0,0,0.0,1095.8,31095.8
2025-06-26 11:25:00,5522.0,5524.0,5518.5,5520.5,0,0.0,0,0.0,1095.8,31095.8
2025-06-26 11:30:00,5520.0,5522.0,5519.0,5520.0,0,0.0,0,0.0,1095.8,31095.8
2025-06-26 11:35:00,5519.5,5520.0,5515.0,5517.5,0,0.0,0,0.0,1095.8,31095.8
2025-06-26 11:40:00,5517.5,5518.0,5509.0,5511.0,-1,197.6,1,20.0,1293.3999999999999,31293.4
2025-06-26 11:45:00,5511.0,5512.5,5509.0,5511.0,0,0.0,0,0.0,1293.3999999999999,31293.4
2025-06-26 11:50:00,5510.5,5512.0,5507.0,5507.5,0,0.0,0,0.0,1293.3999999999999,31293.4
2025-06-26 11:55:00,5507.5,5510.0,5507.0,5510.0,0,0.0,0,0.0,1293.3999999999999,31293.4
2025-06-26 12:00:00,5510.0,5510.5,5505.0,5509.5,0,0.0,0,0.0,1293.3999999999999,31293.4
2025-06-26 12:05:00,5509.5,5511.0,5507.5,5508.0,0,0.0,0,0.0,1293.3999999999999,31293.4
2025-06-26 12:10:00,5507.5,5511.0,5507.0,5508.5,0,0.0,0,0.0,1293.3999999999999,31293.4
2025-06-26 12:15:00,5508.5,5511.0,5508.0,5509.0,0,0.0,0,0.0,1293.3999999999999,31293.4
2025-06-26 12:20:00,5509.0,5511.5,5508.5,5509.5,0,0.0,0,0.0,1293.3999999999999,31293.4
2025-06-26 12:25:00,5509.5,5515.5,5509.0,5514.0,0,0.0,0,0.0,1293.3999999999999,31293.4
2025-06-26 12:30:00,5514.5,5516.0,5511.0,5515.5,0,0.0,0,0.0,1293.3999999999999,31293.4
2025-06-26 12:35:00,5515.5,5516.0,5509.0,5509.5,0,0.0,0,0.0,1293.3999999999999,31293.4
2025-06-26 12:40:00,5509.0,5513.5,5508.5,5512.5,0,0.0,0,0.0,1293.3999999999999,31293.4
2025-06-26 12:45:00,5512.5,5514.0,5511.5,5513.0,0,0.0,0,0.0,1293.3999999999999,31293.4
2025-06-26 12:50:00,5513.0,5514.0,5509.0,5509.0,0,0.0,0,0.0,1293.3999999999999,31293.4
2025-06-26 12:55:00,5509.0,5509.5,5507.0,5509.0,0,0.0,0,0.0,1293.3999999999999,31293.4
2025-06-26 13:00:00,5508.5,5513.5,5508.5,5512.0,0,0.0,0,0.0,1293.3999999999999,31293.4
2025-06-26 13:05:00,5512.5,5514.0,5511.0,5511.5,0,0.0,0,0.0,1293.3999999999999,31293.4
2025-06-26 13:10:00,5512.0,5514.5,5511.0,5511.0,0,0.0,0,0.0,1293.3999999999999,31293.4
2025-06-26 13:15:00,5511.0,5514.0,5510.5,5510.5,0,0.0,0,0.0,1293.3999999999999,31293.4
2025-06-26 13:20:00,5510.5,5512.5,5509.0,5511.5,0,0.0,0,0.0,1293.3999999999999,31293.4
2025-06-26 13:25:00,5511.0,5511.5,5507.5,5509.0,0,0.0,0,0.0,1293.3999999999999,31293.4
2025-06-26 13:30:00,5509.0,5510.0,5507.0,5508.5,0,0.0,0,0.0,1293.3999999999999,31293.4
2025-06-26 13:35:00,5508.0,5510.0,5507.5,5508.5,0,0.0,0,0.0,1293.3999999999999,31293.4
2025-06-26 13:40:00,5508.5,5509.5,5506.5,5507.0,0,0.0,0,0.0,1293.3999999999999,31293.4
2025-06-26 13:45:00,5507.5,5509.0,5503.0,5504.5,0,0.0,0,0.0,1293.3999999999999,31293.4
2025-06-26 13:50:00,5504.5,5507.5,5500.0,5501.5,0,0.0,0,0.0,1293.3999999999999,31293.4
2025-06-26 13:55:00,5501.5,5503.5,5499.0,5503.0,0,0.0,0,0.0,1293.3999999999999,31293.4
2025-06-26 14:00:00,5503.5,5503.5,5500.0,5501.5,-1,77.6,1,8.0,1370.9999999999998,31371.0
2025-06-26 14:05:00,5501.5,5506.0,5501.0,5504.0,0,0.0,0,0.0,1370.9999999999998,31371.0
2025-06-26 14:10:00,5504.0,5505.5,5502.5,5504.0,0,0.0,0,0.0,1370.9999999999998,31371.0
2025-06-26 14:15:00,5504.0,5506.0,5503.5,5504.0,0,0.0,0,0.0,1370.9999999999998,31371.0
2025-06-26 14:20:00,5504.0,5504.5,5501.5,5503.5,0,0.0,0,0.0,1370.9999999999998,31371.0
2025-06-26 14:25:00,5503.5,5503.5,5502.0,5502.5,0,0.0,0,0.0,1370.9999999999998,31371.0
2025-06-26 14:30:00,5502.5,5502.5,5499.0,5500.0,-1,77.6,1,8.0,1448.5999999999997,31448.6
2025-06-26 14:35:00,5500.5,5502.0,5498.0,5499.0,0,0.0,0,0.0,1448.5999999999997,31448.6
2025-06-26 14:40:00,5498.5,5501.5,5496.5,5500.5,0,0.0,0,0.0,1448.5999999999997,31448.6
2025-06-26 14:45:00,5501.0,5502.5,5494.5,5498.0,-1,77.6,1,8.0,1526.1999999999996,31526.2
2025-06-26 14:50:00,5498.0,5501.0,5497.5,5499.0,0,0.0,0,0.0,1526.1999999999996,31526.2
2025-06-26 14:55:00,5499.5,5501.0,5498.0,5499.5,0,0.0,0,0.0,1526.1999999999996,31526.2
2025-06-26 15:00:00,5499.5,5500.5,5498.0,5499.0,0,0.0,0,0.0,1526.1999999999996,31526.2
2025-06-26 15:05:00,5499.0,5502.5,5498.0,5499.0,0,0.0,0,0.0,1526.1999999999996,31526.2
2025-06-26 15:10:00,5499.0,5503.0,5499.0,5503.0,0,0.0,0,0.0,1526.1999999999996,31526.2
2025-06-26 15:15:00,5503.0,5503.5,5500.5,5503.0,0,0.0,0,0.0,1526.1999999999996,31526.2
2025-06-26 15:20:00,5502.5,5503.5,5499.5,5500.0,0,0.0,0,0.0,1526.1999999999996,31526.2
2025-06-26 15:25:00,5500.0,5501.5,5498.0,5499.5,0,0.0,0,0.0,1526.1999999999996,31526.2
2025-06-26 15:30:00,5499.5,5500.5,5498.5,5499.0,0,0.0,0,0.0,1526.1999999999996,31526.2
2025-06-26 15:35:00,5499.0,5501.0,5498.0,5500.0,0,0.0,0,0.0,1526.1999999999996,31526.2
2025-06-26 15:40:00,5500.0,5501.0,5499.0,5499.5,0,0.0,0,0.0,1526.1999999999996,31526.2
2025-06-26 15:45:00,5499.5,5500.0,5497.5,5497.5,0,0.0,0,0.0,1526.1999999999996,31526.2
2025-06-26 15:50:00,5498.0,5498.5,5496.0,5497.5,0,0.0,0,0.0,1526.1999999999996,31526.2
2025-06-26 15:55:00,5497.0,5499.0,5496.5,5498.0,0,0.0,0,0.0,1526.1999999999996,31526.2
2025-06-26 16:00:00,5498.0,5500.5,5498.0,5499.5,0,0.0,0,0.0,1526.1999999999996,31526.2
2025-06-26 16:05:00,5499.5,5502.5,5499.5,5502.0,0,0.0,0,0.0,1526.1999999999996,31526.2
2025-06-26 16:10:00,5501.5,5503.5,5501.5,5502.5,0,0.0,0,0.0,1526.1999999999996,31526.2
2025-06-26 16:15:00,5503.0,5507.5,5502.5,5507.0,0,0.0,0,0.0,1526.1999999999996,31526.2
2025-06-26 16:20:00,5507.0,5510.5,5507.0,5508.5,0,0.0,0,0.0,1526.1999999999996,31526.2
2025-06-26 16:25:00,5508.5,5509.0,5505.5,5506.0,0,0.0,0,0.0,1526.1999999999996,31526.2
2025-06-26 16:30:00,5505.5,5506.5,5502.0,5505.0,0,0.0,0,0.0,1526.1999999999996,31526.2
2025-06-26 16:35:00,5505.0,5505.0,5503.0,5503.0,0,0.0,0,0.0,1526.1999999999996,31526.2
2025-06-26 16:40:00,5503.0,5504.5,5503.0,5503.5,0,0.0,0,0.0,1526.1999999999996,31526.2
2025-06-26 16:45:00,5504.0,5504.5,5502.5,5503.0,0,0.0,0,0.0,1526.1999999999996,31526.2
2025-06-26 16:50:00,5502.5,5503.0,5500.5,5501.5,0,0.0,0,0.0,1526.1999999999996,31526.2
2025-06-26 16:55:00,5501.5,5503.5,5501.0,5502.0,0,0.0,0,0.0,1526.1999999999996,31526.2
2025-06-26 17:00:00,5502.0,5502.5,5501.0,5502.5,0,0.0,0,0.0,1526.1999999999996,31526.2
2025-06-26 17:05:00,5502.0,5503.5,5501.5,5503.5,0,0.0,0,0.0,1526.1999999999996,31526.2
2025-06-26 17:10:00,5503.5,5504.5,5503.0,5503.5,0,0.0,0,0.0,1526.1999999999996,31526.2
2025-06-26 17:15:00,5503.0,5505.0,5500.0,5501.0,0,0.0,0,0.0,1526.1999999999996,31526.2
2025-06-26 17:20:00,5501.0,5504.0,5499.0,5501.0,0,0.0,0,0.0,1526.1999999999996,31526.2
2025-06-26 17:25:00,5500.5,5501.5,5498.5,5500.0,0,0.0,0,0.0,1526.1999999999996,31526.2
2025-06-26 17:30:00,5500.0,5501.5,5499.5,5500.0,0,0.0,0,0.0,1526.1999999999996,31526.2
2025-06-26 17:35:00,5500.0,5501.5,5495.0,5496.0,0,0.0,0,0.0,1526.1999999999996,31526.2
2025-06-26 17:40:00,5496.0,5496.0,5491.0,5494.0,0,0.0,0,0.0,1526.1999999999996,31526.2
2025-06-26 17:45:00,5493.5,5495.5,5493.0,5494.0,0,0.0,0,0.0,1526.1999999999996,31526.2
2025-06-26 17:50:00,5494.0,5494.5,5492.0,5493.0,0,0.0,0,0.0,1526.1999999999996,31526.2
2025-06-26 17:55:00,5493.0,5494.5,5490.5,5492.0,0,0.0,0,0.0,1526.1999999999996,31526.2
2025-06-26 18:00:00,5491.5,5492.5,5411.5,5411.5,0,0.0,0,0.0,1526.1999999999996,31526.2
2025-06-26 18:05:00,5477.0,5489.0,5474.5,5485.0,0,0.0,0,0.0,1526.1999999999996,31526.2
2025-06-26 18:10:00,5485.5,5487.5,5480.5,5484.0,0,0.0,0,0.0,1526.1999999999996,31526.2
2025-06-26 18:15:00,5484.0,5486.5,5479.5,5482.0,0,0.0,0,0.0,1526.1999999999996,31526.2
2025-06-26 18:20:00,5482.5,5489.0,5480.0,5480.5,0,0.0,0,0.0,1526.1999999999996,31526.2
2025-06-26 18:25:00,5480.5,5489.0,5480.0,5483.0,0,0.0,0,0.0,1526.1999999999996,31526.2
2025-06-27 09:00:00,5489.5,5492.5,5484.5,5485.5,0,0.0,0,0.0,1526.1999999999996,31526.2
2025-06-27 09:05:00,5486.0,5487.5,5479.0,5480.5,0,0.0,0,0.0,1526.1999999999996,31526.2
2025-06-27 09:10:00,5480.0,5483.5,5476.0,5481.0,0,0.0,0,0.0,1526.1999999999996,31526.2
2025-06-27 09:15:00,5480.5,5491.0,5480.0,5491.0,0,0.0,0,0.0,1526.1999999999996,31526.2
2025-06-27 09:20:00,5490.5,5494.0,5489.0,5491.0,0,0.0,0,0.0,1526.1999999999996,31526.2
2025-06-27 09:25:00,5491.0,5493.0,5488.0,5492.0,0,0.0,0,0.0,1526.1999999999996,31526.2
2025-06-27 09:30:00,5492.0,5493.0,5468.0,5470.0,0,0.0,0,0.0,1526.1999999999996,31526.2
2025-06-27 09:35:00,5470.5,5474.5,5468.0,5470.0,0,0.0,0,0.0,1526.1999999999996,31526.2
2025-06-27 09:40:00,5470.0,5473.5,5465.5,5469.5,0,0.0,0,0.0,1526.1999999999996,31526.2
2025-06-27 09:45:00,5469.5,5470.0,5463.0,5464.0,0,0.0,0,0.0,1526.1999999999996,31526.2
2025-06-27 09:50:00,5463.5,5470.0,5461.5,5468.0,0,0.0,0,0.0,1526.1999999999996,31526.2
2025-06-27 09:55:00,5467.5,5473.5,5467.5,5470.5,0,0.0,0,0.0,1526.1999999999996,31526.2
2025-06-27 10:00:00,5471.0,5476.0,5470.5,5475.0,0,0.0,0,0.0,1526.1999999999996,31526.2
2025-06-27 10:05:00,5475.0,5476.0,5470.0,5472.5,0,0.0,0,0.0,1526.1999999999996,31526.2
2025-06-27 10:10:00,5472.0,5482.0,5471.5,5479.0,0,0.0,0,0.0,1526.1999999999996,31526.2
2025-06-27 10:15:00,5479.0,5481.0,5470.0,5471.0,0,0.0,0,0.0,1526.1999999999996,31526.2
2025-06-27 10:20:00,5471.0,5485.0,5468.0,5485.0,1,197.6,1,20.0,1723.7999999999995,31723.8
2025-06-27 10:25:00,5485.0,5490.5,5484.0,5487.5,0,0.0,0,0.0,1723.7999999999995,31723.8
2025-06-27 10:30:00,5487.5,5489.0,5480.5,5484.0,0,0.0,0,0.0,1723.7999999999995,31723.8
2025-06-27 10:35:00,5484.5,5486.5,5482.0,5484.5,0,0.0,0,0.0,1723.7999999999995,31723.8
2025-06-27 10:40:00,5484.5,5488.0,5483.0,5487.0,1,197.6,1,20.0,1921.3999999999994,31921.399999999998
2025-06-27 10:45:00,5487.5,5491.0,5484.5,5485.0,0,0.0,0,0.0,1921.3999999999994,31921.399999999998
2025-06-27 10:50:00,5484.5,5491.0,5484.0,5488.5,1,-162.4,-1,-16.0,1758.9999999999993,31759.0
2025-06-27 10:55:00,5488.0,5495.0,5488.0,5493.5,0,0.0,0,0.0,1758.9999999999993,31759.0
2025-06-27 11:00:00,5493.0,5497.0,5491.0,5494.5,0,0.0,0,0.0,1758.9999999999993,31759.0
2025-06-27 11:05:00,5494.5,5497.0,5491.0,5492.0,0,0.0,0,0.0,1758.9999999999993,31759.0
2025-06-27 11:10:00,5492.0,5499.5,5492.0,5496.5,1,-162.4,-1,-16.0,1596.5999999999992,31596.6
2025-06-27 11:15:00,5496.5,5498.0,5493.0,5497.5,0,0.0,0,0.0,1596.5999999999992,31596.6
2025-06-27 11:20:00,5497.5,5504.5,5497.0,5503.5,0,0.0,0,0.0,1596.5999999999992,31596.6
2025-06-27 11:25:00,5503.5,5507.0,5496.0,5497.0,0,0.0,0,0.0,1596.5999999999992,31596.6
2025-06-27 11:30:00,5497.5,5503.0,5496.5,5502.5,0,0.0,0,0.0,1596.5999999999992,31596.6
2025-06-27 11:35:00,5502.0,5502.5,5494.0,5496.0,0,0.0,0,0.0,1596.5999999999992,31596.6
2025-06-27 11:40:00,5496.0,5498.5,5494.5,5495.5,0,0.0,0,0.0,1596.5999999999992,31596.6
2025-06-27 11:45:00,5495.5,5496.0,5490.0,5494.0,0,0.0,0,0.0,1596.5999999999992,31596.6
2025-06-27 11:50:00,5494.0,5496.0,5488.5,5491.0,0,0.0,0,0.0,1596.5999999999992,31596.6
2025-06-27 11:55:00,5491.0,5492.0,5488.0,5489.0,0,0.0,0,0.0,1596.5999999999992,31596.6
2025-06-27 12:00:00,5489.5,5490.5,5481.5,5481.5,0,0.0,0,0.0,1596.5999999999992,31596.6
2025-06-27 12:05:00,5481.5,5482.5,5474.0,5476.0,0,0.0,0,0.0,1596.5999999999992,31596.6
2025-06-27 12:10:00,5475.5,5479.5,5474.5,5479.5,0,0.0,0,0.0,1596.5999999999992,31596.6
2025-06-27 12:15:00,5479.5,5483.0,5478.0,5481.5,0,0.0,0,0.0,1596.5999999999992,31596.6
2025-06-27 12:20:00,5482.0,5482.0,5473.5,5475.5,0,0.0,0,0.0,1596.5999999999992,31596.6
2025-06-27 12:25:00,5475.5,5480.5,5474.5,5480.5,0,0.0,0,0.0,1596.5999999999992,31596.6
2025-06-27 12:30:00,5480.5,5484.5,5479.0,5481.5,0,0.0,0,0.0,1596.5999999999992,31596.6
2025-06-27 12:35:00,5482.0,5483.0,5477.0,5480.5,0,0.0,0,0.0,1596.5999999999992,31596.6
2025-06-27 12:40:00,5480.0,5482.5,5476.5,5478.0,0,0.0,0,0.0,1596.5999999999992,31596.6
2025-06-27 12:45:00,5478.0,5480.0,5473.5,5480.0,0,0.0,0,0.0,1596.5999999999992,31596.6
2025-06-27 12:50:00,5480.0,5481.5,5477.0,5478.5,0,0.0,0,0.0,1596.5999999999992,31596.6
2025-06-27 12:55:00,5478.5,5484.0,5478.0,5483.0,0,0.0,0,0.0,1596.5999999999992,31596.6
2025-06-27 13:00:00,5483.5,5484.5,5468.0,5468.5,0,0.0,0,0.0,1596.5999999999992,31596.6
2025-06-27 13:05:00,5468.5,5473.5,5467.0,5472.0,0,0.0,0,0.0,1596.5999999999992,31596.6
2025-06-27 13:10:00,5472.0,5473.5,5466.5,5468.5,0,0.0,0,0.0,1596.5999999999992,31596.6
2025-06-27 13:15:00,5469.0,5474.0,5468.0,5473.0,0,0.0,0,0.0,1596.5999999999992,31596.6
2025-06-27 13:20:00,5473.0,5474.0,5470.0,5471.0,0,0.0,0,0.0,1596.5999999999992,31596.6
2025-06-27 13:25:00,5471.0,5472.5,5469.5,5471.0,0,0.0,0,0.0,1596.5999999999992,31596.6
2025-06-27 13:30:00,5470.5,5474.5,5470.5,5471.0,0,0.0,0,0.0,1596.5999999999992,31596.6
2025-06-27 13:35:00,5471.5,5471.5,5467.0,5469.0,0,0.0,0,0.0,1596.5999999999992,31596.6
2025-06-27 13:40:00,5469.0,5471.5,5468.5,5471.0,0,0.0,0,0.0,1596.5999999999992,31596.6
2025-06-27 13:45:00,5471.5,5472.0,5468.5,5471.0,0,0.0,0,0.0,1596.5999999999992,31596.6
2025-06-27 13:50:00,5471.0,5473.5,5470.0,5472.5,0,0.0,0,0.0,1596.5999999999992,31596.6
2025-06-27 13:55:00,5472.5,5473.5,5468.0,5470.0,0,0.0,0,0.0,1596.5999999999992,31596.6
2025-06-27 14:00:00,5470.5,5473.0,5470.0,5471.5,0,0.0,0,0.0,1596.5999999999992,31596.6
2025-06-27 14:05:00,5471.5,5472.0,5468.0,5471.0,0,0.0,0,0.0,1596.5999999999992,31596.6
2025-06-27 14:10:00,5471.0,5476.0,5470.5,5475.5,0,0.0,0,0.0,1596.5999999999992,31596.6
2025-06-27 14:15:00,5476.0,5478.0,5474.0,5476.5,0,0.0,0,0.0,1596.5999999999992,31596.6
2025-06-27 14:20:00,5476.5,5478.5,5476.0,5477.0,0,0.0,0,0.0,1596.5999999999992,31596.6
2025-06-27 14:25:00,5477.0,5479.5,5476.5,5478.5,0,0.0,0,0.0,1596.5999999999992,31596.6
2025-06-27 14:30:00,5478.0,5481.5,5476.5,5477.0,0,0.0,0,0.0,1596.5999999999992,31596.6
2025-06-27 14:35:00,5477.0,5478.5,5475.5,5477.5,0,0.0,0,0.0,1596.5999999999992,31596.6
2025-06-27 14:40:00,5477.0,5489.0,5475.5,5487.5,1,77.6,1,8.0,1674.1999999999991,31674.2
2025-06-27 14:45:00,5488.0,5497.0,5487.0,5491.5,0,0.0,0,0.0,1674.1999999999991,31674.2
2025-06-27 14:50:00,5492.0,5492.5,5484.5,5488.0,0,0.0,0,0.0,1674.1999999999991,31674.2
2025-06-27 14:55:00,5488.0,5492.0,5484.0,5486.5,0,0.0,0,0.0,1674.1999999999991,31674.2
2025-06-27 15:00:00,5486.5,5489.0,5483.5,5487.0,0,0.0,0,0.0,1674.1999999999991,31674.2
2025-06-27 15:05:00,5487.5,5492.0,5484.5,5489.5,0,0.0,0,0.0,1674.1999999999991,31674.2
2025-06-27 15:10:00,5490.0,5491.5,5487.0,5489.0,0,0.0,0,0.0,1674.1999999999991,31674.2
2025-06-27 15:15:00,5489.0,5491.5,5488.0,5491.0,0,0.0,0,0.0,1674.1999999999991,31674.2
2025-06-27 15:20:00,5491.0,5495.0,5489.0,5490.0,0,0.0,0,0.0,1674.1999999999991,31674.2
2025-06-27 15:25:00,5489.5,5495.0,5488.5,5494.5,0,0.0,0,0.0,1674.1999999999991,31674.2
2025-06-27 15:30:00,5494.0,5498.5,5490.5,5491.5,0,0.0,0,0.0,1674.1999999999991,31674.2
2025-06-27 15:35:00,5491.0,5495.5,5490.0,5495.5,0,0.0,0,0.0,1674.1999999999991,31674.2
2025-06-27 15:40:00,5495.0,5496.5,5492.5,5493.0,0,0.0,0,0.0,1674.1999999999991,31674.2
2025-06-27 15:45:00,5493.0,5493.0,5490.0,5490.5,0,0.0,0,0.0,1674.1999999999991,31674.2
2025-06-27 15:50:00,5490.5,5491.5,5487.5,5488.5,0,0.0,0,0.0,1674.1999999999991,31674.2
2025-06-27 15:55:00,5489.0,5490.5,5487.5,5490.5,0,0.0,0,0.0,1674.1999999999991,31674.2
2025-06-27 16:00:00,5490.0,5493.0,5489.5,5492.5,0,0.0,0,0.0,1674.1999999999991,31674.2
2025-06-27 16:05:00,5492.0,5493.0,5489.0,5490.5,0,0.0,0,0.0,1674.1999999999991,31674.2
2025-06-27 16:10:00,5490.0,5491.0,5488.5,5489.0,0,0.0,0,0.0,1674.1999999999991,31674.2
2025-06-27 16:15:00,5489.5,5490.0,5486.0,5487.5,0,0.0,0,0.0,1674.1999999999991,31674.2
2025-06-27 16:20:00,5487.5,5488.5,5486.0,5487.0,0,0.0,0,0.0,1674.1999999999991,31674.2
2025-06-27 16:25:00,5487.0,5490.5,5485.0,5489.0,0,0.0,0,0.0,1674.1999999999991,31674.2
2025-06-27 16:30:00,5489.0,5492.0,5488.5,5490.5,0,0.0,0,0.0,1674.1999999999991,31674.2
2025-06-27 16:35:00,5490.0,5492.5,5490.0,5492.5,0,0.0,0,0.0,1674.1999999999991,31674.2
2025-06-27 16:40:00,5492.0,5492.5,5487.5,5487.5,0,0.0,0,0.0,1674.1999999999991,31674.2
2025-06-27 16:45:00,5488.0,5489.5,5487.5,5488.5,0,0.0,0,0.0,1674.1999999999991,31674.2
2025-06-27 16:50:00,5488.5,5489.5,5485.0,5486.0,0,0.0,0,0.0,1674.1999999999991,31674.2
2025-06-27 16:55:00,5486.0,5487.5,5483.5,5484.5,0,0.0,0,0.0,1674.1999999999991,31674.2
2025-06-27 17:00:00,5485.0,5488.0,5484.5,5488.0,0,0.0,0,0.0,1674.1999999999991,31674.2
2025-06-27 17:05:00,5488.0,5490.5,5487.5,5489.5,0,0.0,0,0.0,1674.1999999999991,31674.2
2025-06-27 17:10:00,5489.5,5490.0,5487.5,5488.5,0,0.0,0,0.0,1674.1999999999991,31674.2
2025-06-27 17:15:00,5488.5,5490.5,5486.0,5486.5,0,0.0,0,0.0,1674.1999999999991,31674.2
2025-06-27 17:20:00,5486.5,5487.0,5483.5,5483.5,0,0.0,0,0.0,1674.1999999999991,31674.2
2025-06-27 17:25:00,5483.5,5485.5,5483.0,5484.5,0,0.0,0,0.0,1674.1999999999991,31674.2
2025-06-27 17:30:00,5484.0,5486.0,5481.5,5485.5,0,0.0,0,0.0,1674.1999999999991,31674.2
2025-06-27 17:35:00,5485.5,5486.5,5485.0,5486.5,0,0.0,0,0.0,1674.1999999999991,31674.2
2025-06-27 17:40:00,5486.0,5487.5,5485.5,5487.0,0,0.0,0,0.0,1674.1999999999991,31674.2
2025-06-27 17:45:00,5487.0,5487.5,5483.5,5485.5,0,0.0,0,0.0,1674.1999999999991,31674.2
2025-06-27 17:50:00,5485.0,5487.5,5485.0,5486.5,0,0.0,0,0.0,1674.1999999999991,31674.2
2025-06-27 17:55:00,5486.5,5490.0,5486.0,5487.5,0,0.0,0,0.0,1674.1999999999991,31674.2
2025-06-27 18:00:00,5487.5,5488.0,5486.5,5487.0,0,0.0,0,0.0,1674.1999999999991,31674.2
2025-06-27 18:05:00,5487.0,5487.5,5484.5,5485.0,0,0.0,0,0.0,1674.1999999999991,31674.2
2025-06-27 18:10:00,5484.5,5485.0,5481.5,5482.0,0,0.0,0,0.0,1674.1999999999991,31674.2
2025-06-27 18:15:00,5481.5,5484.5,5480.5,5483.5,0,0.0,0,0.0,1674.1999999999991,31674.2
2025-06-27 18:20:00,5483.0,5483.5,5480.0,5481.0,0,0.0,0,0.0,1674.1999999999991,31674.2
2025-06-27 18:25:00,5480.5,5482.0,5479.5,5482.0,0,0.0,0,0.0,1674.1999999999991,31674.2
