time,cstrategy
2019-01-02,6274.0
2019-01-03,5181.0
2019-01-04,5059.0
2019-01-05,
2019-01-06,
2019-01-07,4747.0
2019-01-08,4394.0
2019-01-09,5100.0
2019-01-10,4627.0
2019-01-11,4627.0
2019-01-12,
2019-01-13,
2019-01-14,4839.0
2019-01-15,4839.0
2019-01-16,4839.0
2019-01-17,5992.0
2019-01-18,5655.0
2019-01-19,
2019-01-20,
2019-01-21,5265.0
2019-01-22,5143.0
2019-01-23,4974.0
2019-01-24,6104.0
2019-01-25,
2019-01-26,
2019-01-27,
2019-01-28,5982.0
2019-01-29,5490.0
2019-01-30,4742.0
2019-01-31,3951.0
2019-02-01,3973.0
2019-02-02,
2019-02-03,
2019-02-04,4040.0
2019-02-05,3906.0
2019-02-06,9248.0
2019-02-07,9004.0
2019-02-08,8476.0
2019-02-09,
2019-02-10,
2019-02-11,7237.0
2019-02-12,6916.0
2019-02-13,6506.0
2019-02-14,6944.0
2019-02-15,6944.0
2019-02-16,
2019-02-17,
2019-02-18,6546.0
2019-02-19,6352.0
2019-02-20,5344.0
2019-02-21,4902.0
2019-02-22,4878.0
2019-02-23,
2019-02-24,
2019-02-25,5151.0
2019-02-26,5142.0
2019-02-27,4914.0
2019-02-28,8426.0
2019-03-01,8426.0
2019-03-02,
2019-03-03,
2019-03-04,
2019-03-05,
2019-03-06,8443.0
2019-03-07,8446.0
2019-03-08,8647.0
2019-03-09,
2019-03-10,
2019-03-11,12286.0
2019-03-12,12164.0
2019-03-13,12287.0
2019-03-14,12158.0
2019-03-15,11739.0
2019-03-16,
2019-03-17,
2019-03-18,11617.0
2019-03-19,10848.0
2019-03-20,11271.0
2019-03-21,9993.0
2019-03-22,10250.0
2019-03-23,
2019-03-24,
2019-03-25,10044.0
2019-03-26,10044.0
2019-03-27,11890.0
2019-03-28,15764.0
2019-03-29,15642.0
2019-03-30,
2019-03-31,
2019-04-01,15520.0
2019-04-02,14996.0
2019-04-03,14805.0
2019-04-04,14805.0
2019-04-05,14707.0
2019-04-06,
2019-04-07,
2019-04-08,14707.0
2019-04-09,14620.0
2019-04-10,14329.0
2019-04-11,13747.0
2019-04-12,13472.0
2019-04-13,
2019-04-14,
2019-04-15,13350.0
2019-04-16,13891.0
2019-04-17,14285.0
2019-04-18,13850.0
2019-04-19,
2019-04-20,
2019-04-21,
2019-04-22,13901.0
2019-04-23,14109.0
2019-04-24,14133.0
2019-04-25,15062.0
2019-04-26,15036.0
2019-04-27,
2019-04-28,
2019-04-29,14916.0
2019-04-30,14643.0
2019-05-01,
2019-05-02,14637.0
2019-05-03,14918.0
2019-05-04,
2019-05-05,
2019-05-06,15169.0
2019-05-07,15066.0
2019-05-08,14321.0
2019-05-09,13823.0
2019-05-10,12975.0
2019-05-11,
2019-05-12,
2019-05-13,13929.0
2019-05-14,13685.0
2019-05-15,13113.0
2019-05-16,13070.0
2019-05-17,11606.0
2019-05-18,
2019-05-19,
2019-05-20,13427.0
2019-05-21,15343.0
2019-05-22,15221.0
2019-05-23,15088.0
2019-05-24,14995.0
2019-05-25,
2019-05-26,
2019-05-27,14997.0
2019-05-28,15140.0
2019-05-29,14979.0
2019-05-30,15217.0
2019-05-31,14797.0
2019-06-01,
2019-06-02,
2019-06-03,14309.0
2019-06-04,14309.0
2019-06-05,14845.0
2019-06-06,14479.0
2019-06-07,14479.0
2019-06-08,
2019-06-09,
2019-06-10,14479.0
2019-06-11,14646.0
2019-06-12,14402.0
2019-06-13,14158.0
2019-06-14,14113.0
2019-06-15,
2019-06-16,
2019-06-17,13861.0
2019-06-18,14805.0
2019-06-19,15178.0
2019-06-20,
2019-06-21,15467.0
2019-06-22,
2019-06-23,
2019-06-24,15284.0
2019-06-25,17168.0
2019-06-26,17014.0
2019-06-27,16770.0
2019-06-28,16746.0
2019-06-29,
2019-06-30,
2019-07-01,16224.0
2019-07-02,15736.0
2019-07-03,16613.0
2019-07-04,16144.0
2019-07-05,16551.0
2019-07-06,
2019-07-07,
2019-07-08,16537.0
2019-07-09,
2019-07-10,14523.0
2019-07-11,14488.0
2019-07-12,14876.0
2019-07-13,
2019-07-14,
2019-07-15,14418.0
2019-07-16,14335.0
2019-07-17,13781.0
2019-07-18,13685.0
2019-07-19,15535.0
2019-07-20,
2019-07-21,
2019-07-22,15574.0
2019-07-23,15392.0
2019-07-24,14837.0
2019-07-25,15329.0
2019-07-26,15206.0
2019-07-27,
2019-07-28,
2019-07-29,15334.0
2019-07-30,14602.0
2019-07-31,15092.0
2019-08-01,13906.0
2019-08-02,13205.0
2019-08-03,
2019-08-04,
2019-08-05,13324.0
2019-08-06,13755.0
2019-08-07,12944.0
2019-08-08,12751.0
2019-08-09,12475.0
2019-08-10,
2019-08-11,
2019-08-12,12295.0
2019-08-13,12488.0
2019-08-14,13726.0
2019-08-15,13482.0
2019-08-16,13360.0
2019-08-17,
2019-08-18,
2019-08-19,13674.0
2019-08-20,13083.0
2019-08-21,12854.0
2019-08-22,12954.0
2019-08-23,12869.0
2019-08-24,
2019-08-25,
2019-08-26,14514.0
2019-08-27,12627.0
2019-08-28,12675.0
2019-08-29,13390.0
2019-08-30,13385.0
2019-08-31,
2019-09-01,
2019-09-02,13287.0
2019-09-03,12709.0
2019-09-04,12682.0
2019-09-05,11376.0
2019-09-06,11303.0
2019-09-07,
2019-09-08,
2019-09-09,10748.0
2019-09-10,10307.0
2019-09-11,10025.0
2019-09-12,9642.0
2019-09-13,9861.0
2019-09-14,
2019-09-15,
2019-09-16,9195.0
2019-09-17,10402.0
2019-09-18,10402.0
2019-09-19,10362.0
2019-09-20,10240.0
2019-09-21,
2019-09-22,
2019-09-23,10248.0
2019-09-24,10342.0
2019-09-25,10375.0
2019-09-26,10268.0
2019-09-27,10009.0
2019-09-28,
2019-09-29,
2019-09-30,9995.0
2019-10-01,10167.0
2019-10-02,12506.0
2019-10-03,12138.0
2019-10-04,12006.0
2019-10-05,
2019-10-06,
2019-10-07,11908.0
2019-10-08,11818.0
2019-10-09,11818.0
2019-10-10,11245.0
2019-10-11,10232.0
2019-10-12,
2019-10-13,
2019-10-14,10374.0
2019-10-15,10155.0
2019-10-16,9949.0
2019-10-17,9827.0
2019-10-18,9744.0
2019-10-19,
2019-10-20,
2019-10-21,10187.0
2019-10-22,9861.0
2019-10-23,9171.0
2019-10-24,9187.0
2019-10-25,8694.0
2019-10-26,
2019-10-27,
2019-10-28,8986.0
2019-10-29,8264.0
2019-10-30,7995.0
2019-10-31,7698.0
2019-11-01,7171.0
2019-11-02,
2019-11-03,
2019-11-04,6875.0
2019-11-05,6532.0
2019-11-06,5434.0
2019-11-07,5434.0
2019-11-08,5028.0
2019-11-09,
2019-11-10,
2019-11-11,5042.0
2019-11-12,5919.0
2019-11-13,5553.0
2019-11-14,5124.0
2019-11-15,
2019-11-16,
2019-11-17,
2019-11-18,5413.0
2019-11-19,5658.0
2019-11-20,
2019-11-21,7593.0
2019-11-22,8495.0
2019-11-23,
2019-11-24,
2019-11-25,8352.0
2019-11-26,8001.0
2019-11-27,6693.0
2019-11-28,6693.0
2019-11-29,6693.0
2019-11-30,
2019-12-01,
2019-12-02,5992.0
2019-12-03,5769.0
2019-12-04,5888.0
2019-12-05,5371.0
2019-12-06,4848.0
2019-12-07,
2019-12-08,
2019-12-09,4787.0
2019-12-10,4501.0
2019-12-11,4334.0
2019-12-12,4546.0
2019-12-13,4104.0
2019-12-14,
2019-12-15,
2019-12-16,4972.0
2019-12-17,4920.0
2019-12-18,7451.0
2019-12-19,8065.0
2019-12-20,7958.0
2019-12-21,
2019-12-22,
2019-12-23,8857.0
2019-12-24,
2019-12-25,
2019-12-26,10505.0
2019-12-27,10510.0
2019-12-28,
2019-12-29,
2019-12-30,10931.0
2019-12-31,
2020-01-01,
2020-01-02,12907.0
2020-01-03,12462.0
2020-01-04,
2020-01-05,
2020-01-06,12227.0
2020-01-07,11656.0
2020-01-08,11046.0
2020-01-09,11038.0
2020-01-10,11226.0
2020-01-11,
2020-01-12,
2020-01-13,12318.0
2020-01-14,11586.0
2020-01-15,11549.0
2020-01-16,11427.0
2020-01-17,14083.0
2020-01-18,
2020-01-19,
2020-01-20,14087.0
2020-01-21,14122.0
2020-01-22,14216.0
2020-01-23,16046.0
2020-01-24,16046.0
2020-01-25,
2020-01-26,
2020-01-27,17546.0
2020-01-28,17550.0
2020-01-29,17299.0
2020-01-30,17880.0
2020-01-31,17611.0
2020-02-01,
2020-02-02,
2020-02-03,17099.0
2020-02-04,17099.0
2020-02-05,16531.0
2020-02-06,18039.0
2020-02-07,17795.0
2020-02-08,
2020-02-09,
2020-02-10,17239.0
2020-02-11,17993.0
2020-02-12,17505.0
2020-02-13,17017.0
2020-02-14,17492.0
2020-02-15,
2020-02-16,
2020-02-17,17314.0
2020-02-18,17317.0
2020-02-19,18358.0
2020-02-20,19466.0
2020-02-21,18829.0
2020-02-22,
2020-02-23,
2020-02-24,
2020-02-25,
2020-02-26,20601.0
2020-02-27,20832.0
2020-02-28,20100.0
2020-02-29,
2020-03-01,
2020-03-02,19124.0
2020-03-03,18514.0
2020-03-04,18062.0
2020-03-05,19364.0
2020-03-06,19120.0
2020-03-07,
2020-03-08,
2020-03-09,18959.0
2020-03-10,19208.0
2020-03-11,21100.0
2020-03-12,21100.0
2020-03-13,20124.0
2020-03-14,
2020-03-15,
2020-03-16,19758.0
2020-03-17,19148.0
2020-03-18,19317.0
2020-03-19,19107.0
2020-03-20,18741.0
2020-03-21,
2020-03-22,
2020-03-23,18375.0
2020-03-24,18199.0
2020-03-25,20185.0
2020-03-26,20253.0
2020-03-27,19810.0
2020-03-28,
2020-03-29,
2020-03-30,19810.0
2020-03-31,20196.0
2020-04-01,19952.0
2020-04-02,19830.0
2020-04-03,21166.0
2020-04-04,
2020-04-05,
2020-04-06,20536.0
2020-04-07,19970.0
2020-04-08,20019.0
2020-04-09,19775.0
2020-04-10,
2020-04-11,
2020-04-12,
2020-04-13,20145.0
2020-04-14,19853.0
2020-04-15,19862.0
2020-04-16,20124.0
2020-04-17,19821.0
2020-04-18,
2020-04-19,
2020-04-20,21696.0
2020-04-21,
2020-04-22,21047.0
2020-04-23,21881.0
2020-04-24,23061.0
2020-04-25,
2020-04-26,
2020-04-27,23061.0
2020-04-28,22573.0
2020-04-29,22602.0
2020-04-30,23029.0
2020-05-01,
2020-05-02,
2020-05-03,
2020-05-04,23120.0
2020-05-05,22803.0
2020-05-06,22071.0
2020-05-07,21095.0
2020-05-08,21049.0
2020-05-09,
2020-05-10,
2020-05-11,21182.0
2020-05-12,21415.0
2020-05-13,21202.0
2020-05-14,20645.0
2020-05-15,20224.0
2020-05-16,
2020-05-17,
2020-05-18,20661.0
2020-05-19,20479.0
2020-05-20,19794.0
2020-05-21,20667.0
2020-05-22,21633.0
2020-05-23,
2020-05-24,
2020-05-25,21771.0
2020-05-26,21379.0
2020-05-27,21411.0
2020-05-28,21292.0
2020-05-29,21048.0
2020-05-30,
2020-05-31,
2020-06-01,22393.0
2020-06-02,24956.0
2020-06-03,24528.0
2020-06-04,24528.0
2020-06-05,24213.0
2020-06-06,
2020-06-07,
2020-06-08,24555.0
2020-06-09,24067.0
2020-06-10,24847.0
2020-06-11,
2020-06-12,24766.0
2020-06-13,
2020-06-14,
2020-06-15,24766.0
2020-06-16,24644.0
2020-06-17,24804.0
2020-06-18,23550.0
2020-06-19,23419.0
2020-06-20,
2020-06-21,
2020-06-22,23959.0
2020-06-23,23837.0
2020-06-24,22996.0
2020-06-25,22914.0
2020-06-26,23297.0
2020-06-27,
2020-06-28,
2020-06-29,23471.0
2020-06-30,22739.0
2020-07-01,22102.0
2020-07-02,22162.0
2020-07-03,22040.0
2020-07-04,
2020-07-05,
2020-07-06,21565.0
2020-07-07,21168.0
2020-07-08,21782.0
2020-07-09,21782.0
2020-07-10,21569.0
2020-07-11,
2020-07-12,
2020-07-13,23165.0
2020-07-14,23776.0
2020-07-15,23701.0
2020-07-16,23701.0
2020-07-17,28922.0
2020-07-18,
2020-07-19,
2020-07-20,29645.0
2020-07-21,29409.0
2020-07-22,29203.0
2020-07-23,29203.0
2020-07-24,28227.0
2020-07-25,
2020-07-26,
2020-07-27,28217.0
2020-07-28,28210.0
2020-07-29,28421.0
2020-07-30,28904.0
2020-07-31,30495.0
2020-08-01,
2020-08-02,
2020-08-03,29781.0
2020-08-04,28456.0
2020-08-05,27703.0
2020-08-06,27337.0
2020-08-07,27337.0
2020-08-08,
2020-08-09,
2020-08-10,26849.0
2020-08-11,26721.0
2020-08-12,26424.0
2020-08-13,26316.0
2020-08-14,26316.0
2020-08-15,
2020-08-16,
2020-08-17,27114.0
2020-08-18,26955.0
2020-08-19,26786.0
2020-08-20,25368.0
2020-08-21,25211.0
2020-08-22,
2020-08-23,
2020-08-24,25202.0
2020-08-25,25235.0
2020-08-26,25547.0
2020-08-27,25181.0
2020-08-28,25616.0
2020-08-29,
2020-08-30,
2020-08-31,28183.0
2020-09-01,28435.0
2020-09-02,28617.0
2020-09-03,28781.0
2020-09-04,28386.0
2020-09-05,
2020-09-06,
2020-09-07,
2020-09-08,28386.0
2020-09-09,27961.0
2020-09-10,28876.0
2020-09-11,28388.0
2020-09-12,
2020-09-13,
2020-09-14,28818.0
2020-09-15,28552.0
2020-09-16,28552.0
2020-09-17,28411.0
2020-09-18,29918.0
2020-09-19,
2020-09-20,
2020-09-21,29918.0
2020-09-22,29791.0
2020-09-23,29500.0
2020-09-24,29124.0
2020-09-25,28732.0
2020-09-26,
2020-09-27,
2020-09-28,29737.0
2020-09-29,29591.0
2020-09-30,29461.0
2020-10-01,29148.0
2020-10-02,29829.0
2020-10-03,
2020-10-04,
2020-10-05,30168.0
2020-10-06,30449.0
2020-10-07,30404.0
2020-10-08,31078.0
2020-10-09,30462.0
2020-10-10,
2020-10-11,
2020-10-12,
2020-10-13,30233.0
2020-10-14,29960.0
2020-10-15,29706.0
2020-10-16,29493.0
2020-10-17,
2020-10-18,
2020-10-19,28828.0
2020-10-20,30794.0
2020-10-21,30559.0
2020-10-22,30437.0
2020-10-23,30363.0
2020-10-24,
2020-10-25,
2020-10-26,28959.0
2020-10-27,29976.0
2020-10-28,31610.0
2020-10-29,31238.0
2020-10-30,31238.0
2020-10-31,
2020-11-01,
2020-11-02,
2020-11-03,30545.0
2020-11-04,30353.0
2020-11-05,30521.0
2020-11-06,30476.0
2020-11-07,
2020-11-08,
2020-11-09,30232.0
2020-11-10,29577.0
2020-11-11,29455.0
2020-11-12,32055.0
2020-11-13,32650.0
2020-11-14,
2020-11-15,
2020-11-16,32704.0
2020-11-17,33471.0
2020-11-18,32848.0
2020-11-19,32490.0
2020-11-20,32490.0
2020-11-21,
2020-11-22,
2020-11-23,32352.0
2020-11-24,37155.0
2020-11-25,37155.0
2020-11-26,37155.0
2020-11-27,37095.0
2020-11-28,
2020-11-29,
2020-11-30,36835.0
2020-12-01,36736.0
2020-12-02,36205.0
2020-12-03,35650.0
2020-12-04,35645.0
2020-12-05,
2020-12-06,
2020-12-07,34649.0
2020-12-08,34283.0
2020-12-09,34361.0
2020-12-10,35297.0
2020-12-11,35256.0
2020-12-12,
2020-12-13,
2020-12-14,35573.0
2020-12-15,36117.0
2020-12-16,35839.0
2020-12-17,35595.0
2020-12-18,35160.0
2020-12-19,
2020-12-20,
2020-12-21,34965.0
2020-12-22,34599.0
2020-12-23,34639.0
2020-12-24,
2020-12-25,
2020-12-26,
2020-12-27,
2020-12-28,34774.0
2020-12-29,34104.0
2020-12-30,33869.0
2020-12-31,
2021-01-01,
2021-01-02,
2021-01-03,
2021-01-04,33593.0
2021-01-05,32807.0
2021-01-06,33322.0
2021-01-07,39323.0
2021-01-08,39194.0
2021-01-09,
2021-01-10,
2021-01-11,38286.0
2021-01-12,37619.0
2021-01-13,39235.0
2021-01-14,39252.0
2021-01-15,39038.0
2021-01-16,
2021-01-17,
2021-01-18,37613.0
2021-01-19,38725.0
2021-01-20,38496.0
2021-01-21,37904.0
2021-01-22,37685.0
2021-01-23,
2021-01-24,
2021-01-25,
2021-01-26,38650.0
2021-01-27,38910.0
2021-01-28,39955.0
2021-01-29,41101.0
2021-01-30,
2021-01-31,
2021-02-01,40979.0
2021-02-02,40735.0
2021-02-03,40735.0
2021-02-04,40577.0
2021-02-05,39809.0
2021-02-06,
2021-02-07,
2021-02-08,39809.0
2021-02-09,39559.0
2021-02-10,39707.0
2021-02-11,38609.0
2021-02-12,37843.0
2021-02-13,
2021-02-14,
2021-02-15,
2021-02-16,
2021-02-17,37843.0
2021-02-18,38557.0
2021-02-19,38191.0
2021-02-20,
2021-02-21,
2021-02-22,37991.0
2021-02-23,37869.0
2021-02-24,36932.0
2021-02-25,38310.0
2021-02-26,38387.0
2021-02-27,
2021-02-28,
2021-03-01,38921.0
2021-03-02,38345.0
2021-03-03,40081.0
2021-03-04,40305.0
2021-03-05,39817.0
2021-03-06,
2021-03-07,
2021-03-08,39729.0
2021-03-09,39241.0
2021-03-10,39318.0
2021-03-11,38395.0
2021-03-12,38395.0
2021-03-13,
2021-03-14,
2021-03-15,37996.0
2021-03-16,37912.0
2021-03-17,41240.0
2021-03-18,40365.0
2021-03-19,39934.0
2021-03-20,
2021-03-21,
2021-03-22,40002.0
2021-03-23,39935.0
2021-03-24,41304.0
2021-03-25,41368.0
2021-03-26,40209.0
2021-03-27,
2021-03-28,
2021-03-29,40209.0
2021-03-30,40448.0
2021-03-31,40082.0
2021-04-01,42401.0
2021-04-02,
2021-04-03,
2021-04-04,
2021-04-05,43445.0
2021-04-06,43323.0
2021-04-07,42957.0
2021-04-08,42697.0
2021-04-09,42331.0
2021-04-10,
2021-04-11,
2021-04-12,42453.0
2021-04-13,41736.0
2021-04-14,41960.0
2021-04-15,41106.0
2021-04-16,40984.0
2021-04-17,
2021-04-18,
2021-04-19,40713.0
2021-04-20,40591.0
2021-04-21,
2021-04-22,40515.0
2021-04-23,40149.0
2021-04-24,
2021-04-25,
2021-04-26,39807.0
2021-04-27,40030.0
2021-04-28,42773.0
2021-04-29,43685.0
2021-04-30,43640.0
2021-05-01,
2021-05-02,
2021-05-03,43274.0
2021-05-04,43306.0
2021-05-05,44465.0
2021-05-06,44881.0
2021-05-07,47790.0
2021-05-08,
2021-05-09,
2021-05-10,47677.0
2021-05-11,47315.0
2021-05-12,48998.0
2021-05-13,48093.0
2021-05-14,47971.0
2021-05-15,
2021-05-16,
2021-05-17,48569.0
2021-05-18,48590.0
2021-05-19,48346.0
2021-05-20,48245.0
2021-05-21,47693.0
2021-05-22,
2021-05-23,
2021-05-24,47773.0
2021-05-25,47621.0
2021-05-26,47346.0
2021-05-27,46980.0
2021-05-28,47090.0
2021-05-29,
2021-05-30,
2021-05-31,47168.0
2021-06-01,47970.0
2021-06-02,48744.0
2021-06-03,
2021-06-04,48744.0
2021-06-05,
2021-06-06,
2021-06-07,48904.0
2021-06-08,48660.0
2021-06-09,47536.0
2021-06-10,47536.0
2021-06-11,46815.0
2021-06-12,
2021-06-13,
2021-06-14,45498.0
2021-06-15,45254.0
2021-06-16,45132.0
2021-06-17,44137.0
2021-06-18,44135.0
2021-06-19,
2021-06-20,
2021-06-21,44203.0
2021-06-22,43659.0
2021-06-23,43311.0
2021-06-24,43160.0
2021-06-25,43194.0
2021-06-26,
2021-06-27,
2021-06-28,42839.0
2021-06-29,42351.0
2021-06-30,41985.0
2021-07-01,42493.0
2021-07-02,42393.0
2021-07-03,
2021-07-04,
2021-07-05,41816.0
2021-07-06,43379.0
2021-07-07,43506.0
2021-07-08,43262.0
2021-07-09,
2021-07-10,
2021-07-11,
2021-07-12,46322.0
2021-07-13,46337.0
2021-07-14,45727.0
2021-07-15,45714.0
2021-07-16,45679.0
2021-07-17,
2021-07-18,
2021-07-19,45941.0
2021-07-20,45166.0
2021-07-21,45166.0
2021-07-22,45166.0
2021-07-23,45732.0
2021-07-24,
2021-07-25,
2021-07-26,45672.0
2021-07-27,45427.0
2021-07-28,45061.0
2021-07-29,44691.0
2021-07-30,46006.0
2021-07-31,
2021-08-01,
2021-08-02,43834.0
2021-08-03,43712.0
2021-08-04,43346.0
2021-08-05,43354.0
2021-08-06,43086.0
2021-08-07,
2021-08-08,
2021-08-09,42144.0
2021-08-10,42144.0
2021-08-11,41253.0
2021-08-12,40991.0
2021-08-13,40747.0
2021-08-14,
2021-08-15,
2021-08-16,40180.0
2021-08-17,39570.0
2021-08-18,39731.0
2021-08-19,39958.0
2021-08-20,40080.0
2021-08-21,
2021-08-22,
2021-08-23,40196.0
2021-08-24,43469.0
2021-08-25,43225.0
2021-08-26,43336.0
2021-08-27,43220.0
2021-08-28,
2021-08-29,
2021-08-30,42732.0
2021-08-31,42536.0
2021-09-01,43085.0
2021-09-02,43831.0
2021-09-03,43343.0
2021-09-04,
2021-09-05,
2021-09-06,44586.0
2021-09-07,
2021-09-08,48769.0
2021-09-09,48559.0
2021-09-10,48847.0
2021-09-11,
2021-09-12,
2021-09-13,48603.0
2021-09-14,48090.0
2021-09-15,48002.0
2021-09-16,47880.0
2021-09-17,51376.0
2021-09-18,
2021-09-19,
2021-09-20,52260.0
2021-09-21,51849.0
2021-09-22,51912.0
2021-09-23,51737.0
2021-09-24,51744.0
2021-09-25,
2021-09-26,
2021-09-27,51378.0
2021-09-28,51769.0
2021-09-29,50915.0
2021-09-30,50497.0
2021-10-01,51245.0
2021-10-02,
2021-10-03,
2021-10-04,52538.0
2021-10-05,52563.0
2021-10-06,52571.0
2021-10-07,52475.0
2021-10-08,53354.0
2021-10-09,
2021-10-10,
2021-10-11,53196.0
2021-10-12,
2021-10-13,52822.0
2021-10-14,52585.0
2021-10-15,52341.0
2021-10-16,
2021-10-17,
2021-10-18,51170.0
2021-10-19,51394.0
2021-10-20,52594.0
2021-10-21,52594.0
2021-10-22,53496.0
2021-10-23,
2021-10-24,
2021-10-25,53530.0
2021-10-26,53063.0
2021-10-27,51630.0
2021-10-28,52489.0
2021-10-29,52123.0
2021-10-30,
2021-10-31,
2021-11-01,51609.0
2021-11-02,
2021-11-03,51121.0
2021-11-04,52229.0
2021-11-05,51350.0
2021-11-06,
2021-11-07,
2021-11-08,50968.0
2021-11-09,50236.0
2021-11-10,48774.0
2021-11-11,48397.0
2021-11-12,48063.0
2021-11-13,
2021-11-14,
2021-11-15,
2021-11-16,48610.0
2021-11-17,48366.0
2021-11-18,48123.0
2021-11-19,47635.0
2021-11-20,
2021-11-21,
2021-11-22,47363.0
2021-11-23,46631.0
2021-11-24,46319.0
2021-11-25,46114.0
2021-11-26,46547.0
2021-11-27,
2021-11-28,
2021-11-29,46092.0
2021-11-30,46447.0
2021-12-01,46745.0
2021-12-02,47311.0
2021-12-03,46925.0
2021-12-04,
2021-12-05,
2021-12-06,46803.0
2021-12-07,46803.0
2021-12-08,46681.0
2021-12-09,46614.0
2021-12-10,46468.0
2021-12-11,
2021-12-12,
2021-12-13,45901.0
2021-12-14,45887.0
2021-12-15,45643.0
2021-12-16,45643.0
2021-12-17,45277.0
2021-12-18,
2021-12-19,
2021-12-20,45167.0
2021-12-21,45167.0
2021-12-22,44512.0
2021-12-23,45666.0
2021-12-24,
2021-12-25,
2021-12-26,
2021-12-27,44979.0
2021-12-28,45145.0
2021-12-29,44278.0
2021-12-30,44363.0
2021-12-31,
2022-01-01,
2022-01-02,
2022-01-03,44159.0
2022-01-04,43671.0
2022-01-05,45275.0
2022-01-06,44907.0
2022-01-07,44785.0
2022-01-08,
2022-01-09,
2022-01-10,44541.0
2022-01-11,45446.0
2022-01-12,48306.0
2022-01-13,47818.0
2022-01-14,48476.0
2022-01-15,
2022-01-16,
2022-01-17,48248.0
2022-01-18,48251.0
2022-01-19,48276.0
2022-01-20,48180.0
2022-01-21,47448.0
2022-01-22,
2022-01-23,
2022-01-24,47628.0
2022-01-25,46899.0
2022-01-26,46533.0
2022-01-27,46167.0
2022-01-28,46045.0
2022-01-29,
2022-01-30,
2022-01-31,45936.0
2022-02-01,45956.0
2022-02-02,46914.0
2022-02-03,46670.0
2022-02-04,46336.0
2022-02-05,
2022-02-06,
2022-02-07,46336.0
2022-02-08,46034.0
2022-02-09,45648.0
2022-02-10,45574.0
2022-02-11,44454.0
2022-02-12,
2022-02-13,
2022-02-14,44241.0
2022-02-15,44295.0
2022-02-16,43761.0
2022-02-17,45265.0
2022-02-18,46098.0
2022-02-19,
2022-02-20,
2022-02-21,46878.0
2022-02-22,46647.0
2022-02-23,48729.0
2022-02-24,49136.0
2022-02-25,49936.0
2022-02-26,
2022-02-27,
2022-02-28,
2022-03-01,
2022-03-02,50595.0
2022-03-03,49978.0
2022-03-04,48890.0
2022-03-05,
2022-03-06,
2022-03-07,52848.0
2022-03-08,52848.0
2022-03-09,53827.0
2022-03-10,53733.0
2022-03-11,54351.0
2022-03-12,
2022-03-13,
2022-03-14,54776.0
2022-03-15,53556.0
2022-03-16,53189.0
2022-03-17,53204.0
2022-03-18,55221.0
2022-03-19,
2022-03-20,
2022-03-21,54895.0
2022-03-22,54834.0
2022-03-23,54712.0
2022-03-24,54315.0
2022-03-25,53949.0
2022-03-26,
2022-03-27,
2022-03-28,52943.0
2022-03-29,52722.0
2022-03-30,52722.0
2022-03-31,52656.0
2022-04-01,52694.0
2022-04-02,
2022-04-03,
2022-04-04,52541.0
2022-04-05,53944.0
2022-04-06,53822.0
2022-04-07,53593.0
2022-04-08,53227.0
2022-04-09,
2022-04-10,
2022-04-11,53061.0
2022-04-12,52794.0
2022-04-13,52794.0
2022-04-14,52858.0
2022-04-15,
2022-04-16,
2022-04-17,
2022-04-18,52694.0
2022-04-19,51561.0
2022-04-20,52248.0
2022-04-21,
2022-04-22,52850.0
2022-04-23,
2022-04-24,
2022-04-25,52952.0
2022-04-26,54798.0
2022-04-27,54798.0
2022-04-28,53849.0
2022-04-29,55802.0
2022-04-30,
2022-05-01,
2022-05-02,55807.0
2022-05-03,55807.0
2022-05-04,56215.0
2022-05-05,59150.0
2022-05-06,58418.0
2022-05-07,
2022-05-08,
2022-05-09,57930.0
2022-05-10,57626.0
2022-05-11,56894.0
2022-05-12,56940.0
2022-05-13,55698.0
2022-05-14,
2022-05-15,
2022-05-16,55444.0
2022-05-17,55233.0
2022-05-18,58414.0
2022-05-19,58414.0
2022-05-20,58305.0
2022-05-21,
2022-05-22,
2022-05-23,59076.0
2022-05-24,59224.0
2022-05-25,58980.0
2022-05-26,59395.0
2022-05-27,59377.0
2022-05-28,
2022-05-29,
2022-05-30,60763.0
2022-05-31,60527.0
2022-06-01,60072.0
2022-06-02,59348.0
2022-06-03,59226.0
2022-06-04,
2022-06-05,
2022-06-06,59714.0
2022-06-07,59714.0
2022-06-08,59347.0
2022-06-09,58962.0
2022-06-10,58845.0
2022-06-11,
2022-06-12,
2022-06-13,57178.0
2022-06-14,56934.0
2022-06-15,56446.0
2022-06-16,
2022-06-17,56842.0
2022-06-18,
2022-06-19,
2022-06-20,55992.0
2022-06-21,55790.0
2022-06-22,55434.0
2022-06-23,56236.0
2022-06-24,56236.0
2022-06-25,
2022-06-26,
2022-06-27,56567.0
2022-06-28,56567.0
2022-06-29,56425.0
2022-06-30,56059.0
2022-07-01,55937.0
2022-07-02,
2022-07-03,
2022-07-04,56976.0
2022-07-05,56602.0
2022-07-06,55969.0
2022-07-07,57018.0
2022-07-08,56982.0
2022-07-09,
2022-07-10,
2022-07-11,57307.0
2022-07-12,56545.0
2022-07-13,56257.0
2022-07-14,56350.0
2022-07-15,56098.0
2022-07-16,
2022-07-17,
2022-07-18,55488.0
2022-07-19,55475.0
2022-07-20,54987.0
2022-07-21,55147.0
2022-07-22,55222.0
2022-07-23,
2022-07-24,
2022-07-25,55310.0
2022-07-26,54980.0
2022-07-27,55863.0
2022-07-28,55541.0
2022-07-29,55974.0
2022-07-30,
2022-07-31,
2022-08-01,55486.0
2022-08-02,55644.0
2022-08-03,55695.0
2022-08-04,59220.0
2022-08-05,58854.0
2022-08-06,
2022-08-07,
2022-08-08,59631.0
2022-08-09,58667.0
2022-08-10,58667.0
2022-08-11,58219.0
2022-08-12,59359.0
2022-08-13,
2022-08-14,
2022-08-15,60427.0
2022-08-16,60387.0
2022-08-17,60454.0
2022-08-18,60410.0
2022-08-19,62781.0
2022-08-20,
2022-08-21,
2022-08-22,62293.0
2022-08-23,64858.0
2022-08-24,64083.0
2022-08-25,63932.0
2022-08-26,63932.0
2022-08-27,
2022-08-28,
2022-08-29,63626.0
2022-08-30,65752.0
2022-08-31,65508.0
2022-09-01,65263.0
2022-09-02,64841.0
2022-09-03,
2022-09-04,
2022-09-05,63764.0
2022-09-06,65258.0
2022-09-07,
2022-09-08,64404.0
2022-09-09,64979.0
2022-09-10,
2022-09-11,
2022-09-12,64563.0
2022-09-13,64660.0
2022-09-14,64653.0
2022-09-15,64686.0
2022-09-16,64272.0
2022-09-17,
2022-09-18,
2022-09-19,70912.0
2022-09-20,70856.0
2022-09-21,70612.0
2022-09-22,70064.0
2022-09-23,69431.0
2022-09-24,
2022-09-25,
2022-09-26,69787.0
2022-09-27,69143.0
2022-09-28,69143.0
2022-09-29,68903.0
2022-09-30,72191.0
2022-10-01,
2022-10-02,
2022-10-03,73843.0
2022-10-04,73768.0
2022-10-05,73812.0
2022-10-06,73722.0
2022-10-07,73615.0
2022-10-08,
2022-10-09,
2022-10-10,73434.0
2022-10-11,73323.0
2022-10-12,
2022-10-13,72851.0
2022-10-14,72878.0
2022-10-15,
2022-10-16,
2022-10-17,72197.0
2022-10-18,71697.0
2022-10-19,71658.0
2022-10-20,71414.0
2022-10-21,74779.0
2022-10-22,
2022-10-23,
2022-10-24,77115.0
2022-10-25,77276.0
2022-10-26,75903.0
2022-10-27,75781.0
2022-10-28,75500.0
2022-10-29,
2022-10-30,
2022-10-31,75236.0
2022-11-01,75114.0
2022-11-02,
2022-11-03,74941.0
2022-11-04,74453.0
2022-11-05,
2022-11-06,
2022-11-07,74995.0
2022-11-08,75071.0
2022-11-09,75030.0
2022-11-10,74664.0
2022-11-11,74566.0
2022-11-12,
2022-11-13,
2022-11-14,74397.0
2022-11-15,
2022-11-16,74606.0
2022-11-17,74278.0
2022-11-18,74156.0
2022-11-19,
2022-11-20,
2022-11-21,73372.0
2022-11-22,72075.0
2022-11-23,72075.0
2022-11-24,73627.0
2022-11-25,77192.0
2022-11-26,
2022-11-27,
2022-11-28,77192.0
2022-11-29,77535.0
2022-11-30,77717.0
2022-12-01,77506.0
2022-12-02,76408.0
2022-12-03,
2022-12-04,
2022-12-05,79117.0
2022-12-06,79162.0
2022-12-07,78796.0
2022-12-08,79984.0
2022-12-09,79792.0
2022-12-10,
2022-12-11,
2022-12-12,79605.0
2022-12-13,79639.0
2022-12-14,79151.0
2022-12-15,78941.0
2022-12-16,78668.0
2022-12-17,
2022-12-18,
2022-12-19,78253.0
2022-12-20,79748.0
2022-12-21,79504.0
2022-12-22,79539.0
2022-12-23,79907.0
2022-12-24,
2022-12-25,
2022-12-26,79827.0
2022-12-27,78808.0
2022-12-28,78829.0
2022-12-29,78951.0
2022-12-30,
2022-12-31,
2023-01-01,
2023-01-02,80110.0
2023-01-03,80969.0
2023-01-04,80763.0
2023-01-05,80923.0
2023-01-06,80539.0
2023-01-07,
2023-01-08,
2023-01-09,80449.0
2023-01-10,81215.0
2023-01-11,81900.0
2023-01-12,80992.0
2023-01-13,80748.0
2023-01-14,
2023-01-15,
2023-01-16,80858.0
2023-01-17,82324.0
2023-01-18,82324.0
2023-01-19,81802.0
2023-01-20,81273.0
2023-01-21,
2023-01-22,
2023-01-23,81214.0
2023-01-24,81400.0
2023-01-25,82121.0
2023-01-26,81877.0
2023-01-27,82077.0
2023-01-28,
2023-01-29,
2023-01-30,81833.0
2023-01-31,81844.0
2023-02-01,83721.0
2023-02-02,83661.0
2023-02-03,83632.0
2023-02-04,
2023-02-05,
2023-02-06,83632.0
2023-02-07,83495.0
2023-02-08,83502.0
2023-02-09,83891.0
2023-02-10,83769.0
2023-02-11,
2023-02-12,
2023-02-13,84087.0
2023-02-14,84251.0
2023-02-15,84335.0
2023-02-16,84225.0
2023-02-17,84257.0
2023-02-18,
2023-02-19,
2023-02-20,
2023-02-21,
2023-02-22,84206.0
2023-02-23,82856.0
2023-02-24,83199.0
2023-02-25,
2023-02-26,
2023-02-27,83199.0
2023-02-28,83281.0
2023-03-01,82603.0
2023-03-02,82747.0
2023-03-03,82747.0
2023-03-04,
2023-03-05,
2023-03-06,82339.0
2023-03-07,82116.0
2023-03-08,84071.0
2023-03-09,84671.0
2023-03-10,84427.0
2023-03-11,
2023-03-12,
2023-03-13,84183.0
2023-03-14,83898.0
2023-03-15,83776.0
2023-03-16,83776.0
2023-03-17,84131.0
2023-03-18,
2023-03-19,
2023-03-20,84241.0
2023-03-21,84241.0
2023-03-22,83753.0
2023-03-23,84933.0
2023-03-24,84931.0
2023-03-25,
2023-03-26,
2023-03-27,84809.0
2023-03-28,85675.0
2023-03-29,85352.0
2023-03-30,85348.0
2023-03-31,85961.0
2023-04-01,
2023-04-02,
2023-04-03,85569.0
2023-04-04,85036.0
2023-04-05,85518.0
2023-04-06,85693.0
2023-04-07,
2023-04-08,
2023-04-09,
2023-04-10,85882.0
2023-04-11,88822.0
2023-04-12,88744.0
2023-04-13,88500.0
2023-04-14,87706.0
2023-04-15,
2023-04-16,
2023-04-17,87706.0
2023-04-18,87113.0
2023-04-19,87010.0
2023-04-20,86644.0
2023-04-21,
2023-04-22,
2023-04-23,
2023-04-24,86522.0
2023-04-25,86081.0
2023-04-26,86089.0
2023-04-27,85845.0
2023-04-28,85690.0
2023-04-29,
2023-04-30,
2023-05-01,
2023-05-02,86729.0
2023-05-03,86729.0
2023-05-04,86275.0
2023-05-05,89111.0
2023-05-06,
2023-05-07,
2023-05-08,89114.0
2023-05-09,89358.0
2023-05-10,89355.0
2023-05-11,89233.0
2023-05-12,89094.0
2023-05-13,
2023-05-14,
2023-05-15,89122.0
2023-05-16,88848.0
2023-05-17,88970.0
2023-05-18,88952.0
2023-05-19,88952.0
2023-05-20,
2023-05-21,
2023-05-22,88463.0
2023-05-23,87853.0
2023-05-24,87507.0
2023-05-25,87385.0
2023-05-26,86823.0
2023-05-27,
2023-05-28,
2023-05-29,86859.0
2023-05-30,86963.0
2023-05-31,86956.0
2023-06-01,88836.0
2023-06-02,88412.0
2023-06-03,
2023-06-04,
2023-06-05,88131.0
2023-06-06,89484.0
2023-06-07,89762.0
2023-06-08,
2023-06-09,89357.0
2023-06-10,
2023-06-11,
2023-06-12,89357.0
2023-06-13,89635.0
2023-06-14,88675.0
2023-06-15,88675.0
2023-06-16,88253.0
2023-06-17,
2023-06-18,
2023-06-19,88675.0
2023-06-20,88678.0
2023-06-21,88744.0
2023-06-22,88137.0
2023-06-23,87893.0
2023-06-24,
2023-06-25,
2023-06-26,87075.0
2023-06-27,86811.0
2023-06-28,86711.0
2023-06-29,88077.0
2023-06-30,88908.0
2023-07-01,
2023-07-02,
2023-07-03,88969.0
2023-07-04,88880.0
2023-07-05,88558.0
2023-07-06,88377.0
2023-07-07,88404.0
2023-07-08,
2023-07-09,
2023-07-10,88395.0
2023-07-11,88044.0
2023-07-12,88230.0
2023-07-13,87644.0
2023-07-14,88193.0
2023-07-15,
2023-07-16,
2023-07-17,88001.0
2023-07-18,87710.0
2023-07-19,87588.0
2023-07-20,87588.0
2023-07-21,89149.0
2023-07-22,
2023-07-23,
2023-07-24,89463.0
2023-07-25,89389.0
2023-07-26,89448.0
2023-07-27,92398.0
2023-07-28,92398.0
2023-07-29,
2023-07-30,
2023-07-31,92346.0
2023-08-01,91899.0
2023-08-02,91432.0
2023-08-03,91747.0
2023-08-04,91534.0
2023-08-05,
2023-08-06,
2023-08-07,91517.0
2023-08-08,91395.0
2023-08-09,91273.0
2023-08-10,91357.0
2023-08-11,91113.0
2023-08-12,
2023-08-13,
2023-08-14,91079.0
2023-08-15,91115.0
2023-08-16,90887.0
2023-08-17,91197.0
2023-08-18,91197.0
2023-08-19,
2023-08-20,
2023-08-21,91301.0
2023-08-22,92147.0
2023-08-23,93808.0
2023-08-24,93209.0
2023-08-25,93471.0
2023-08-26,
2023-08-27,
2023-08-28,93732.0
2023-08-29,93122.0
2023-08-30,92975.0
2023-08-31,92967.0
2023-09-01,92838.0
2023-09-02,
2023-09-03,
2023-09-04,92191.0
2023-09-05,91888.0
2023-09-06,92426.0
2023-09-07,
2023-09-08,92426.0
2023-09-09,
2023-09-10,
2023-09-11,92468.0
2023-09-12,92397.0
2023-09-13,91820.0
2023-09-14,91830.0
2023-09-15,91860.0
2023-09-16,
2023-09-17,
2023-09-18,91395.0
2023-09-19,91335.0
2023-09-20,90676.0
2023-09-21,91067.0
2023-09-22,91067.0
2023-09-23,
2023-09-24,
2023-09-25,91037.0
2023-09-26,91713.0
2023-09-27,91347.0
2023-09-28,91586.0
2023-09-29,91574.0
2023-09-30,
2023-10-01,
2023-10-02,92009.0
2023-10-03,92000.0
2023-10-04,92000.0
2023-10-05,91100.0
2023-10-06,92895.0
2023-10-07,
2023-10-08,
2023-10-09,92995.0
2023-10-10,93002.0
2023-10-11,93169.0
2023-10-12,
2023-10-13,93169.0
2023-10-14,
2023-10-15,
2023-10-16,93066.0
2023-10-17,92212.0
2023-10-18,92090.0
2023-10-19,91846.0
2023-10-20,91480.0
2023-10-21,
2023-10-22,
2023-10-23,90954.0
2023-10-24,90151.0
2023-10-25,90390.0
2023-10-26,90790.0
2023-10-27,91583.0
2023-10-28,
2023-10-29,
2023-10-30,92176.0
2023-10-31,92054.0
2023-11-01,93136.0
2023-11-02,
2023-11-03,93080.0
2023-11-04,
2023-11-05,
2023-11-06,93080.0
2023-11-07,93192.0
2023-11-08,92826.0
2023-11-09,92742.0
2023-11-10,92679.0
2023-11-11,
2023-11-12,
2023-11-13,92679.0
2023-11-14,93535.0
2023-11-15,
2023-11-16,94219.0
2023-11-17,94121.0
2023-11-18,
2023-11-19,
2023-11-20,94269.0
2023-11-21,93907.0
2023-11-22,92971.0
2023-11-23,92971.0
2023-11-24,93133.0
2023-11-25,
2023-11-26,
2023-11-27,93133.0
2023-11-28,93227.0
2023-11-29,93133.0
2023-11-30,92872.0
2023-12-01,92507.0
2023-12-02,
2023-12-03,
2023-12-04,92500.0
2023-12-05,92145.0
2023-12-06,93285.0
2023-12-07,92704.0
2023-12-08,92419.0
2023-12-09,
2023-12-10,
2023-12-11,92419.0
2023-12-12,92362.0
2023-12-13,96690.0
2023-12-14,96552.0
2023-12-15,96513.0
2023-12-16,
2023-12-17,
2023-12-18,96513.0
2023-12-19,95979.0
2023-12-20,96084.0
2023-12-21,96039.0
2023-12-22,95933.0
2023-12-23,
2023-12-24,
2023-12-25,
2023-12-26,96147.0
2023-12-27,96263.0
2023-12-28,96263.0
2023-12-29,
2023-12-30,
2023-12-31,
2024-01-01,
2024-01-02,96263.0
2024-01-03,96263.0
2024-01-04,98594.0
2024-01-05,97838.0
2024-01-06,
2024-01-07,
2024-01-08,98267.0
2024-01-09,98282.0
2024-01-10,98287.0
2024-01-11,98043.0
2024-01-12,97311.0
2024-01-13,
2024-01-14,
2024-01-15,97300.0
2024-01-16,98168.0
2024-01-17,98168.0
2024-01-18,99571.0
2024-01-19,98674.0
2024-01-20,
2024-01-21,
2024-01-22,98724.0
2024-01-23,98724.0
2024-01-24,99840.0
2024-01-25,99812.0
2024-01-26,99627.0
2024-01-27,
2024-01-28,
2024-01-29,99346.0
2024-01-30,100486.0
2024-01-31,100452.0
2024-02-01,100452.0
2024-02-02,99834.0
2024-02-03,
2024-02-04,
2024-02-05,98474.0
2024-02-06,102590.0
2024-02-07,102394.0
2024-02-08,103827.0
2024-02-09,103787.0
2024-02-10,
2024-02-11,
2024-02-12,
2024-02-13,
2024-02-14,103299.0
2024-02-15,103299.0
2024-02-16,102492.0
2024-02-17,
2024-02-18,
2024-02-19,102085.0
2024-02-20,103471.0
2024-02-21,103520.0
2024-02-22,103006.0
2024-02-23,102672.0
2024-02-24,
2024-02-25,
2024-02-26,102184.0
2024-02-27,102940.0
2024-02-28,102818.0
2024-02-29,102915.0
2024-03-01,102671.0
2024-03-02,
2024-03-03,
2024-03-04,102732.0
2024-03-05,102572.0
2024-03-06,102411.0
2024-03-07,102232.0
2024-03-08,101468.0
2024-03-09,
2024-03-10,
2024-03-11,101102.0
2024-03-12,101111.0
2024-03-13,101033.0
2024-03-14,100741.0
2024-03-15,101095.0
2024-03-16,
2024-03-17,
2024-03-18,100510.0
2024-03-19,100501.0
2024-03-20,102447.0
2024-03-21,103839.0
2024-03-22,103961.0
2024-03-23,
2024-03-24,
2024-03-25,103961.0
2024-03-26,103893.0
2024-03-27,103556.0
2024-03-28,103437.0
2024-03-29,
2024-03-30,
2024-03-31,
2024-04-01,104325.0
2024-04-02,104184.0
2024-04-03,103574.0
2024-04-04,103262.0
2024-04-05,103186.0
2024-04-06,
2024-04-07,
2024-04-08,103836.0
2024-04-09,103836.0
2024-04-10,103867.0
2024-04-11,103623.0
2024-04-12,104138.0
2024-04-13,
2024-04-14,
2024-04-15,104138.0
2024-04-16,103553.0
2024-04-17,103065.0
2024-04-18,102519.0
2024-04-19,102603.0
2024-04-20,
2024-04-21,
2024-04-22,102011.0
2024-04-23,101037.0
2024-04-24,101037.0
2024-04-25,100087.0
2024-04-26,100254.0
2024-04-27,
2024-04-28,
2024-04-29,100254.0
2024-04-30,100360.0
2024-05-01,
2024-05-02,99725.0
2024-05-03,99725.0
2024-05-04,
2024-05-05,
2024-05-06,99154.0
2024-05-07,98633.0
2024-05-08,99710.0
2024-05-09,98871.0
2024-05-10,99024.0
2024-05-11,
2024-05-12,
2024-05-13,98717.0
2024-05-14,98490.0
2024-05-15,98353.0
2024-05-16,98056.0
2024-05-17,98056.0
2024-05-18,
2024-05-19,
2024-05-20,97690.0
2024-05-21,97585.0
2024-05-22,97585.0
2024-05-23,97493.0
2024-05-24,97493.0
2024-05-25,
2024-05-26,
2024-05-27,97493.0
2024-05-28,98452.0
2024-05-29,98198.0
2024-05-30,
2024-05-31,97988.0
2024-06-01,
2024-06-02,
2024-06-03,97475.0
2024-06-04,96987.0
2024-06-05,96987.0
2024-06-06,97116.0
2024-06-07,97259.0
2024-06-08,
2024-06-09,
2024-06-10,97137.0
2024-06-11,97137.0
2024-06-12,96842.0
2024-06-13,96455.0
2024-06-14,95608.0
2024-06-15,
2024-06-16,
2024-06-17,94764.0
2024-06-18,94366.0
2024-06-19,95398.0
2024-06-20,95489.0
2024-06-21,95941.0
2024-06-22,
2024-06-23,
2024-06-24,96419.0
2024-06-25,96308.0
2024-06-26,97262.0
2024-06-27,97161.0
2024-06-28,96656.0
2024-06-29,
2024-06-30,
2024-07-01,96168.0
2024-07-02,95815.0
2024-07-03,95497.0
2024-07-04,95497.0
2024-07-05,95497.0
2024-07-06,
2024-07-07,
2024-07-08,95253.0
2024-07-09,95385.0
2024-07-10,95385.0
2024-07-11,95426.0
2024-07-12,95479.0
2024-07-13,
2024-07-14,
2024-07-15,95479.0
2024-07-16,95385.0
2024-07-17,95385.0
2024-07-18,96033.0
2024-07-19,96033.0
2024-07-20,
2024-07-21,
2024-07-22,96033.0
2024-07-23,97582.0
2024-07-24,97547.0
2024-07-25,97236.0
2024-07-26,100534.0
2024-07-27,
2024-07-28,
2024-07-29,99477.0
2024-07-30,99462.0
2024-07-31,99595.0
2024-08-01,99778.0
2024-08-02,
2024-08-03,
2024-08-04,
2024-08-05,
2024-08-06,
2024-08-07,
2024-08-08,101358.0
2024-08-09,102159.0
2024-08-10,
2024-08-11,
2024-08-12,102159.0
2024-08-13,102189.0
2024-08-14,102263.0
2024-08-15,102046.0
2024-08-16,102120.0
2024-08-17,
2024-08-18,
2024-08-19,105664.0
2024-08-20,105953.0
2024-08-21,105953.0
2024-08-22,106038.0
2024-08-23,105982.0
2024-08-24,
2024-08-25,
2024-08-26,106020.0
2024-08-27,106025.0
2024-08-28,105759.0
2024-08-29,108027.0
2024-08-30,107563.0
2024-08-31,
2024-09-01,
2024-09-02,107657.0
2024-09-03,107573.0
2024-09-04,108176.0
2024-09-05,108176.0
2024-09-06,109659.0
2024-09-07,
2024-09-08,
2024-09-09,109669.0
2024-09-10,109636.0
2024-09-11,109565.0
2024-09-12,109280.0
2024-09-13,108731.0
2024-09-14,
2024-09-15,
2024-09-16,108544.0
2024-09-17,108046.0
2024-09-18,107924.0
2024-09-19,108429.0
2024-09-20,112323.0
2024-09-21,
2024-09-22,
2024-09-23,112284.0
2024-09-24,111293.0
2024-09-25,111280.0
2024-09-26,111257.0
2024-09-27,110354.0
2024-09-28,
2024-09-29,
2024-09-30,110431.0
2024-10-01,110064.0
2024-10-02,109633.0
2024-10-03,109866.0
2024-10-04,109866.0
2024-10-05,
2024-10-06,
2024-10-07,109622.0
2024-10-08,109608.0
2024-10-09,110111.0
2024-10-10,110089.0
2024-10-11,109307.0
2024-10-12,
2024-10-13,
2024-10-14,109405.0
2024-10-15,109405.0
2024-10-16,109348.0
2024-10-17,108982.0
2024-10-18,108786.0
2024-10-19,
2024-10-20,
2024-10-21,108789.0
2024-10-22,108743.0
2024-10-23,108701.0
2024-10-24,108610.0
2024-10-25,108610.0
2024-10-26,
2024-10-27,
2024-10-28,109222.0
2024-10-29,109222.0
2024-10-30,109122.0
2024-10-31,109122.0
2024-11-01,110666.0
2024-11-02,
2024-11-03,
2024-11-04,112891.0
2024-11-05,112891.0
2024-11-06,112281.0
2024-11-07,112243.0
2024-11-08,111233.0
2024-11-09,
2024-11-10,
2024-11-11,111233.0
2024-11-12,111233.0
2024-11-13,110902.0
2024-11-14,110899.0
2024-11-15,
2024-11-16,
2024-11-17,
2024-11-18,110899.0
2024-11-19,110411.0
2024-11-20,
2024-11-21,110444.0
2024-11-22,112852.0
2024-11-23,
2024-11-24,
2024-11-25,112852.0
2024-11-26,112736.0
2024-11-27,113530.0
2024-11-28,116836.0
2024-11-29,116365.0
2024-11-30,
2024-12-01,
2024-12-02,116243.0
2024-12-03,116121.0
2024-12-04,116078.0
2024-12-05,116979.0
2024-12-06,117811.0
2024-12-07,
2024-12-08,
2024-12-09,117875.0
2024-12-10,117865.0
2024-12-11,117045.0
2024-12-12,121290.0
2024-12-13,121781.0
2024-12-14,
2024-12-15,
2024-12-16,123043.0
2024-12-17,123080.0
2024-12-18,125846.0
2024-12-19,125692.0
2024-12-20,125692.0
2024-12-21,
2024-12-22,
2024-12-23,125787.0
2024-12-24,
2024-12-25,
2024-12-26,125409.0
2024-12-27,125749.0
2024-12-28,
2024-12-29,
2024-12-30,125403.0
2024-12-31,
2025-01-01,
2025-01-02,124479.0
2025-01-03,125195.0
2025-01-04,
2025-01-05,
2025-01-06,125193.0
2025-01-07,125184.0
2025-01-08,125443.0
2025-01-09,125420.0
2025-01-10,125121.0
2025-01-11,
2025-01-12,
2025-01-13,125121.0
2025-01-14,125213.0
2025-01-15,129245.0
2025-01-16,129245.0
2025-01-17,128208.0
2025-01-18,
2025-01-19,
2025-01-20,127898.0
2025-01-21,127761.0
2025-01-22,127696.0
2025-01-23,127539.0
2025-01-24,127539.0
2025-01-25,
2025-01-26,
2025-01-27,130755.0
2025-01-28,130774.0
2025-01-29,130984.0
2025-01-30,135139.0
2025-01-31,134886.0
2025-02-01,
2025-02-02,
2025-02-03,134886.0
2025-02-04,134163.0
2025-02-05,133852.0
2025-02-06,133261.0
2025-02-07,134237.0
2025-02-08,
2025-02-09,
2025-02-10,133617.0
2025-02-11,133411.0
2025-02-12,133411.0
2025-02-13,133396.0
2025-02-14,135731.0
2025-02-15,
2025-02-16,
2025-02-17,135160.0
2025-02-18,133861.0
2025-02-19,133617.0
2025-02-20,133396.0
2025-02-21,133359.0
2025-02-22,
2025-02-23,
2025-02-24,133048.0
2025-02-25,132976.0
2025-02-26,133826.0
2025-02-27,133552.0
2025-02-28,134544.0
2025-03-01,
2025-03-02,
2025-03-03,
2025-03-04,
2025-03-05,134544.0
2025-03-06,134422.0
2025-03-07,135698.0
2025-03-08,
2025-03-09,
2025-03-10,135210.0
2025-03-11,133925.0
2025-03-12,133806.0
2025-03-13,134896.0
2025-03-14,138317.0
2025-03-15,
2025-03-16,
2025-03-17,139290.0
2025-03-18,139290.0
2025-03-19,139107.0
2025-03-20,139036.0
2025-03-21,139036.0
2025-03-22,
2025-03-23,
2025-03-24,139036.0
2025-03-25,137554.0
2025-03-26,137554.0
2025-03-27,137047.0
2025-03-28,135705.0
2025-03-29,
2025-03-30,
2025-03-31,135253.0
2025-04-01,134992.0
2025-04-02,134904.0
2025-04-03,134660.0
2025-04-04,135267.0
2025-04-05,
2025-04-06,
2025-04-07,134657.0
2025-04-08,135346.0
2025-04-09,134858.0
2025-04-10,134126.0
2025-04-11,134331.0
2025-04-12,
2025-04-13,
2025-04-14,133843.0
2025-04-15,133843.0
2025-04-16,133822.0
2025-04-17,133823.0
2025-04-18,
2025-04-19,
2025-04-20,
2025-04-21,
2025-04-22,133492.0
2025-04-23,132826.0
2025-04-24,135030.0
2025-04-25,135030.0
2025-04-26,
2025-04-27,
2025-04-28,135030.0
2025-04-29,134864.0
2025-04-30,134620.0
2025-05-01,134620.0
2025-05-02,134843.0
2025-05-03,
2025-05-04,
2025-05-05,135546.0
2025-05-06,135424.0
2025-05-07,135011.0
2025-05-08,136241.0
2025-05-09,136241.0
2025-05-10,
2025-05-11,
2025-05-12,136241.0
2025-05-13,138669.0
2025-05-14,138683.0
2025-05-15,138431.0
2025-05-16,138187.0
2025-05-17,
2025-05-18,
2025-05-19,138250.0
2025-05-20,138046.0
2025-05-21,140830.0
2025-05-22,142498.0
2025-05-23,142684.0
2025-05-24,
2025-05-25,
2025-05-26,142562.0
2025-05-27,142562.0
2025-05-28,142354.0
2025-05-29,141988.0
2025-05-30,141765.0
2025-05-31,
2025-06-01,
2025-06-02,141750.0
2025-06-03,141628.0
2025-06-04,141751.0
2025-06-05,141751.0
2025-06-06,141528.0
2025-06-07,
2025-06-08,
2025-06-09,141125.0
2025-06-10,141003.0
2025-06-11,141003.0
2025-06-12,140651.0
2025-06-13,140477.0
2025-06-14,
2025-06-15,
2025-06-16,140617.0
2025-06-17,140307.0
2025-06-18,140317.0
2025-06-19,
2025-06-20,139447.0
2025-06-21,
2025-06-22,
2025-06-23,138926.0
2025-06-24,137995.0
2025-06-25,137744.0
2025-06-26,137744.0
2025-06-27,137622.0
2025-06-28,
2025-06-29,
2025-06-30,138444.0
2025-07-01,138444.0
2025-07-02,137777.0
2025-07-03,137731.0
2025-07-04,137410.0
2025-07-05,
2025-07-06,
2025-07-07,138576.0
2025-07-08,138573.0
2025-07-09,140128.0
2025-07-10,140135.0
2025-07-11,139769.0
2025-07-12,
2025-07-13,
2025-07-14,139769.0
2025-07-15,139647.0
2025-07-16,139647.0
2025-07-17,139647.0
2025-07-18,139851.0
2025-07-19,
2025-07-20,
2025-07-21,139851.0
2025-07-22,139147.0
2025-07-23,138846.0
2025-07-24,138588.0
2025-07-25,138588.0
2025-07-26,
2025-07-27,
2025-07-28,139264.0
2025-07-29,139043.0
2025-07-30,138799.0
2025-07-31,138189.0
2025-08-01,137976.0
2025-08-02,
2025-08-03,
2025-08-04,137732.0
2025-08-05,137474.0
2025-08-06,137020.0
2025-08-07,138216.0
2025-08-08,137972.0
2025-08-09,
2025-08-10,
2025-08-11,137972.0
2025-08-12,138340.0
2025-08-13,138284.0
2025-08-14,137372.0
2025-08-15,139204.0
2025-08-16,
2025-08-17,
2025-08-18,138220.0
2025-08-19,142704.0
2025-08-20,142540.0
2025-08-21,142540.0
2025-08-22,145160.0
2025-08-23,
2025-08-24,
2025-08-25,145160.0
2025-08-26,144947.0
2025-08-27,144926.0
2025-08-28,144614.0
2025-08-29,143928.0
2025-08-30,
2025-08-31,
2025-09-01,143542.0
2025-09-02,143506.0
2025-09-03,143262.0
2025-09-04,143610.0
2025-09-05,142894.0
2025-09-06,
2025-09-07,
2025-09-08,142505.0
2025-09-09,142391.0
2025-09-10,142271.0
2025-09-11,141720.0
2025-09-12,141598.0
2025-09-13,
2025-09-14,
2025-09-15,141898.0
2025-09-16,141898.0
2025-09-17,142455.0
2025-09-18,142455.0
2025-09-19,142518.0
2025-09-20,
2025-09-21,
2025-09-22,142255.0
2025-09-23,141991.0
2025-09-24,141991.0
2025-09-25,141625.0
2025-09-26,141503.0
2025-09-27,
2025-09-28,
2025-09-29,141381.0
2025-09-30,140626.0
2025-10-01,140708.0
2025-10-02,140573.0
2025-10-03,140438.0
2025-10-04,
2025-10-05,
2025-10-06,140241.0
2025-10-07,141848.0
2025-10-08,141726.0
2025-10-09,141726.0
2025-10-10,141648.0
2025-10-11,
2025-10-12,
2025-10-13,141498.0
2025-10-14,140766.0
2025-10-15,140483.0
2025-10-16,139751.0
2025-10-17,140310.0
2025-10-18,
2025-10-19,
2025-10-20,139617.0
2025-10-21,139617.0
2025-10-22,139617.0
2025-10-23,139516.0
2025-10-24,139272.0
2025-10-25,
2025-10-26,
2025-10-27,139284.0
2025-10-28,139129.0
2025-10-29,139049.0
2025-10-30,139366.0
2025-10-31,139399.0
2025-11-01,
2025-11-02,
2025-11-03,139515.0
2025-11-04,139409.0
2025-11-05,144256.0
2025-11-06,144012.0
2025-11-07,144249.0
2025-11-08,
2025-11-09,
2025-11-10,143761.0
2025-11-11,143888.0
2025-11-12,143189.0
2025-11-13,143025.0
2025-11-14,142851.0
2025-11-15,
2025-11-16,
2025-11-17,142487.0
2025-11-18,142487.0
2025-11-19,142479.0
2025-11-20,
2025-11-21,142113.0
2025-11-22,
2025-11-23,
2025-11-24,141775.0
2025-11-25,141531.0
2025-11-26,144415.0
2025-11-27,144319.0
2025-11-28,144237.0
2025-11-29,
2025-11-30,
2025-12-01,143627.0
2025-12-02,144183.0
2025-12-03,144167.0
2025-12-04,145672.0
2025-12-05,145046.0
2025-12-06,
2025-12-07,
2025-12-08,143922.0
2025-12-09,143377.0
2025-12-10,143097.0
2025-12-11,142918.0
2025-12-12,141698.0
2025-12-13,
2025-12-14,
2025-12-15,141576.0
2025-12-16,142722.0
2025-12-17,142539.0
2025-12-18,142325.0
2025-12-19,142043.0
2025-12-20,
2025-12-21,
2025-12-22,141754.0
2025-12-23,141576.0
2025-12-24,
2025-12-25,
2025-12-26,141933.0
2025-12-27,
2025-12-28,
2025-12-29,141945.0
2025-12-30,141638.0
2025-12-31,
2026-01-01,
2026-01-02,141813.0
2026-01-03,
2026-01-04,
2026-01-05,142022.0
2026-01-06,141688.0
2026-01-07,142395.0
2026-01-08,142273.0
2026-01-09,142212.0
2026-01-10,
2026-01-11,
2026-01-12,141792.0
2026-01-13,141408.0
2026-01-14,142329.0
2026-01-15,141920.0
2026-01-16,142423.0
2026-01-17,
2026-01-18,
2026-01-19,142301.0
2026-01-20,142147.0
2026-01-21,147116.0
2026-01-22,149652.0
2026-01-23,151544.0
2026-01-24,
2026-01-25,
2026-01-26,150934.0
2026-01-27,150758.0
2026-01-28,150664.0
2026-01-29,152244.0
2026-01-30,152244.0
2026-01-31,
2026-02-01,
2026-02-02,151867.0
2026-02-03,150769.0
2026-02-04,153373.0
2026-02-05,153102.0
2026-02-06,152691.0
2026-02-07,
2026-02-08,
2026-02-09,153664.0
2026-02-10,152883.0
2026-02-11,151836.0
2026-02-12,152270.0
2026-02-13,151904.0
2026-02-14,
2026-02-15,
2026-02-16,
2026-02-17,
2026-02-18,151712.0
2026-02-19,152567.0
2026-02-20,151879.0
